invoiceno,stockcode,description,quantity,invoicedate,unitprice,customerid,country,totalcost
555200,71459,HANGING JAM JAR T-LIGHT HOLDER,24,2011-06-01 12:05:00,0.85,17315.0,United Kingdom,20.4
554974,21128,GOLD FISHING GNOME,4,2011-05-27 17:14:00,6.95,14031.0,United Kingdom,27.8
550972,21086,SET/6 RED SPOTTY PAPER CUPS,4,2011-04-21 17:05:00,0.65,14031.0,United Kingdom,2.6
576652,22812,PACK 3 BOXES CHRISTMAS PANETTONE,3,2011-11-16 10:39:00,1.95,17198.0,United Kingdom,5.85
546157,22180,RETROSPOT LAMP,2,2011-03-10 08:40:00,9.95,13502.0,United Kingdom,19.9
576200,82482,WOODEN PICTURE FRAME WHITE FINISH,2,2011-11-14 12:14:00,2.95,15572.0,United Kingdom,5.9
577076,22614,PACK OF 12 SPACEBOY TISSUES,12,2011-11-17 15:08:00,0.39,14362.0,United Kingdom,4.68
568909,22596,CHRISTMAS STAR WISH LIST CHALKBOARD,12,2011-09-29 13:38:00,1.25,16818.0,United Kingdom,15.0
578072,21109,LARGE CAKE TOWEL CHOCOLATE SPOTS,1,2011-11-22 16:02:00,6.75,17759.0,United Kingdom,6.75
560491,23297,SET 40 HEART SHAPE PETIT FOUR CASES,2,2011-07-19 10:51:00,1.65,12415.0,Australia,3.3
545721,82484,WOOD BLACK BOARD ANT WHITE FINISH,1,2011-03-07 10:52:00,7.9,15039.0,United Kingdom,7.9
573399,21108,FAIRY CAKE FLANNEL ASSORTED COLOUR,18,2011-10-30 15:35:00,0.79,13949.0,United Kingdom,14.22
551954,22799,SWEETHEART WIRE FRUIT BOWL,1,2011-05-05 12:13:00,8.5,14515.0,United Kingdom,8.5
563745,22115,METAL SIGN EMPIRE TEA,12,2011-08-19 09:38:00,0.79,15159.0,United Kingdom,9.48
540418,22161,HEART DECORATION RUSTIC HANGING ,5,2011-01-07 11:04:00,0.81,Unknown,United Kingdom,4.050000000000001
546237,84508A,CAMOUFLAGE DESIGN TEDDY,6,2011-03-10 12:50:00,2.55,16625.0,United Kingdom,15.299999999999999
548005,21499,BLUE POLKADOT WRAP,25,2011-03-29 10:49:00,0.42,14128.0,United Kingdom,10.5
539000,22622,BOX OF VINTAGE ALPHABET BLOCKS,4,2010-12-15 12:27:00,9.95,13092.0,United Kingdom,39.8
545715,82600,NO SINGING METAL SIGN,1,2011-03-07 10:13:00,4.13,Unknown,United Kingdom,4.13
C572489,22465,HANGING METAL STAR LANTERN,5,2011-10-24 13:59:00,1.65,17119.0,United Kingdom,8.25
577820,23169,CLASSIC GLASS COOKIE JAR,18,2011-11-22 09:24:00,3.75,13408.0,United Kingdom,67.5
555091,21936,RED RETROSPOT PICNIC BAG,1,2011-05-31 12:50:00,2.95,12748.0,United Kingdom,2.95
556106,22669,RED BABY BUNTING ,2,2011-06-08 16:54:00,2.95,14056.0,United Kingdom,5.9
537159,22667,RECIPE BOX RETROSPOT ,1,2010-12-05 13:17:00,2.95,14527.0,United Kingdom,2.95
565841,22555,PLASTERS IN TIN STRONGMAN,1,2011-09-07 12:04:00,3.29,Unknown,United Kingdom,3.29
536532,20685,DOORMAT RED RETROSPOT,2,2010-12-01 13:24:00,7.95,12433.0,Norway,15.9
572681,23232,WRAP VINTAGE LEAF DESIGN,25,2011-10-25 13:51:00,0.42,13510.0,United Kingdom,10.5
548309,22586,FELTCRAFT HAIRBAND PINK AND BLUE,1,2011-03-30 12:02:00,0.85,16657.0,United Kingdom,0.85
577531,22699,ROSES REGENCY TEACUP AND SAUCER ,7,2011-11-20 13:58:00,5.79,Unknown,United Kingdom,40.53
559133,21987,PACK OF 6 SKULL PAPER CUPS,2,2011-07-06 13:13:00,0.65,17861.0,United Kingdom,1.3
566922,23420,PANTRY HOOK TEA STRAINER ,12,2011-09-15 14:58:00,2.08,16156.0,United Kingdom,24.96
545227,21080,SET/20 RED RETROSPOT PAPER NAPKINS ,24,2011-03-01 09:35:00,0.85,12428.0,Finland,20.4
574074,35095A,BLUE VICTORIAN FABRIC OVAL BOX,2,2011-11-02 15:33:00,0.83,Unknown,United Kingdom,1.66
569026,23203,JUMBO BAG VINTAGE DOILY ,10,2011-09-30 10:18:00,2.08,16101.0,United Kingdom,20.8
538163,22468,BABUSHKA LIGHTS STRING OF 10,2,2010-12-09 17:27:00,6.75,17841.0,United Kingdom,13.5
572719,23031,DRAWER KNOB CRACKLE GLAZE PINK,12,2011-10-25 15:03:00,1.65,13871.0,United Kingdom,19.799999999999997
552828,22046,TEA PARTY  WRAPPING PAPER ,25,2011-05-11 13:23:00,0.42,13662.0,United Kingdom,10.5
575922,23225,CHERUB HEART DECORATION SILVER ,24,2011-11-11 17:10:00,0.83,15681.0,United Kingdom,19.919999999999998
C546730,22720,SET OF 3 CAKE TINS PANTRY DESIGN ,1,2011-03-16 11:39:00,4.95,18183.0,United Kingdom,4.95
560267,71477,COLOUR GLASS. STAR T-LIGHT HOLDER,4,2011-07-17 14:05:00,3.25,13880.0,United Kingdom,13.0
540468,21413,PERIWINKLE T-LIGHT HOLDER,1,2011-01-07 13:55:00,2.51,Unknown,United Kingdom,2.51
545701,48116,DOORMAT MULTICOLOUR STRIPE,10,2011-03-06 15:17:00,6.75,17107.0,United Kingdom,67.5
567656,51014A,"FEATHER PEN,HOT PINK",26,2011-09-21 14:40:00,0.83,14096.0,United Kingdom,21.58
575063,35970,ZINC FOLKART SLEIGH BELLS,3,2011-11-08 12:32:00,1.69,16764.0,United Kingdom,5.07
556917,22659,LUNCH BOX I LOVE LONDON,128,2011-06-15 13:37:00,1.65,12415.0,Australia,211.2
561369,22268,DECORATION SITTING BUNNY,2,2011-07-26 16:21:00,0.63,Unknown,United Kingdom,1.26
538449,82599,FANNY'S REST STOPMETAL SIGN,2,2010-12-12 12:24:00,2.1,17085.0,United Kingdom,4.2
536531,22726,ALARM CLOCK BAKELIKE GREEN,9,2010-12-01 13:23:00,3.75,15485.0,United Kingdom,33.75
C559030,84857C,PINK MONTE CARLO HANDBAG,1,2011-07-05 14:51:00,1.95,16571.0,United Kingdom,1.95
540681,82494L,WOODEN FRAME ANTIQUE WHITE ,1,2011-01-10 16:25:00,7.62,Unknown,United Kingdom,7.62
562377,23165,LARGE CERAMIC TOP STORAGE JAR,6,2011-08-04 15:04:00,1.65,14535.0,United Kingdom,9.899999999999999
568144,21933,PINK VINTAGE PAISLEY PICNIC BAG,10,2011-09-25 11:29:00,1.65,14005.0,United Kingdom,16.5
554016,21916,SET 12 RETRO WHITE CHALK STICKS,6,2011-05-20 13:14:00,0.42,13243.0,United Kingdom,2.52
562717,22784,LANTERN CREAM GAZEBO ,1,2011-08-08 15:42:00,10.79,Unknown,United Kingdom,10.79
554959,85099B,JUMBO BAG RED RETROSPOT,2,2011-05-27 15:18:00,4.13,Unknown,United Kingdom,8.26
550512,22523,CHILDS GARDEN FORK PINK,2,2011-04-18 16:31:00,0.85,18069.0,United Kingdom,1.7
578844,21317,GLASS SPHERE CANDLE STAND MEDIUM,4,2011-11-25 16:14:00,10.79,Unknown,United Kingdom,43.16
572669,22416,SET OF 36 SPACEBOY PAPER DOILIES,1,2011-10-25 13:10:00,1.45,16549.0,United Kingdom,1.45
553504,47590B,PINK HAPPY BIRTHDAY BUNTING,3,2011-05-17 13:26:00,5.45,13310.0,United Kingdom,16.35
565117,84879,ASSORTED COLOUR BIRD ORNAMENT,40,2011-09-01 11:33:00,1.69,13089.0,United Kingdom,67.6
566422,82483,WOOD 2 DRAWER CABINET WHITE FINISH,4,2011-09-12 13:56:00,6.95,13064.0,United Kingdom,27.8
536593,22366,DOORMAT AIRMAIL ,2,2010-12-01 17:15:00,7.95,16835.0,United Kingdom,15.9
578041,84029G,KNITTED UNION FLAG HOT WATER BOTTLE,3,2011-11-22 14:23:00,4.25,17338.0,United Kingdom,12.75
553525,21385,IVORY HANGING DECORATION  HEART,24,2011-05-17 14:50:00,0.85,16266.0,United Kingdom,20.4
548728,22367,CHILDRENS APRON SPACEBOY DESIGN,8,2011-04-04 09:55:00,1.95,13198.0,United Kingdom,15.6
551660,23148,MINIATURE ANTIQUE ROSE HOOK IVORY,12,2011-05-03 12:16:00,0.83,15271.0,United Kingdom,9.959999999999999
555383,21731,RED TOADSTOOL LED NIGHT LIGHT,5,2011-06-02 15:13:00,1.65,12517.0,Germany,8.25
578998,21810,CHRISTMAS HANGING STAR WITH BELL,1,2011-11-27 16:05:00,0.39,15436.0,United Kingdom,0.39
579777,21877,HOME SWEET HOME MUG,1,2011-11-30 15:13:00,3.29,Unknown,United Kingdom,3.29
557233,22561,WOODEN SCHOOL COLOURING SET,3,2011-06-17 14:44:00,1.65,15356.0,United Kingdom,4.949999999999999
555924,85131B,BEADED CRYSTAL HEART GREEN ON STICK,5,2011-06-07 17:12:00,0.83,Unknown,United Kingdom,4.1499999999999995
558232,21927,BLUE/CREAM STRIPE CUSHION COVER ,2,2011-06-27 14:30:00,1.25,17841.0,United Kingdom,2.5
543021,22352,LUNCH BOX WITH CUTLERY RETROSPOT ,6,2011-02-02 14:36:00,2.55,15421.0,United Kingdom,15.299999999999999
575070,23427,STOOL HOME SWEET HOME ,2,2011-11-08 12:58:00,12.5,17841.0,United Kingdom,25.0
544322,79000,MOROCCAN TEA GLASS,24,2011-02-17 15:50:00,0.85,14211.0,United Kingdom,20.4
570019,23501,KEY RING BASEBALL BOOT UNION JACK,1,2011-10-07 10:13:00,1.25,17841.0,United Kingdom,1.25
553900,22890,NOVELTY BISCUITS CAKE STAND 3 TIER,4,2011-05-19 17:47:00,9.95,12353.0,Bahrain,39.8
579619,21174,POTTERING IN THE SHED METAL SIGN,12,2011-11-30 12:10:00,2.08,18241.0,United Kingdom,24.96
559200,84375,SET OF 20 KIDS COOKIE CUTTERS,1,2011-07-07 10:36:00,2.1,13291.0,United Kingdom,2.1
540464,84792,ENCHANTED BIRD COATHANGER 5 HOOK,8,2011-01-07 13:17:00,3.81,14298.0,United Kingdom,30.48
548336,15036,ASSORTED COLOURS SILK FAN,600,2011-03-30 14:06:00,0.65,13082.0,United Kingdom,390.0
574257,72818,No description,3,2011-11-03 13:46:00,0.0,Unknown,United Kingdom,0.0
575051,21623,VINTAGE UNION JACK MEMOBOARD,2,2011-11-08 12:14:00,9.95,15957.0,United Kingdom,19.9
568095,90201B,BLACK ENAMEL FLOWER RING,6,2011-09-23 14:49:00,2.95,14911.0,EIRE,17.700000000000003
544646,71038,WHITE HANGING BEADS CANDLE HOLDER,4,2011-02-22 12:06:00,5.45,17075.0,United Kingdom,21.8
580610,85049e,SCANDINAVIAN REDS RIBBONS,2,2011-12-05 11:48:00,3.29,Unknown,United Kingdom,6.58
542112,22423,REGENCY CAKESTAND 3 TIER,2,2011-01-25 13:55:00,12.75,13168.0,United Kingdom,25.5
566203,84946,ANTIQUE SILVER T-LIGHT GLASS,12,2011-09-09 14:47:00,1.25,16362.0,United Kingdom,15.0
578290,22670,FRENCH WC SIGN BLUE METAL,12,2011-11-23 14:07:00,1.25,13644.0,United Kingdom,15.0
547202,22652,TRAVEL SEWING KIT,1,2011-03-21 13:38:00,1.65,17841.0,United Kingdom,1.65
550496,84945,MULTI COLOUR SILVER T-LIGHT HOLDER,12,2011-04-18 15:05:00,1.8,Unknown,United Kingdom,21.6
540114,84030E,ENGLISH ROSE HOT WATER BOTTLE,8,2011-01-05 09:44:00,4.25,15498.0,United Kingdom,34.0
573909,22913,RED COAT RACK PARIS FASHION,1,2011-11-01 15:26:00,4.95,17813.0,United Kingdom,4.95
576611,23084,RABBIT NIGHT LIGHT,10,2011-11-15 16:29:00,2.08,17357.0,United Kingdom,20.8
538658,84360,TABLE LAMP WHITE SHADE WOOD BASE,2,2010-12-13 15:34:00,5.95,17969.0,United Kingdom,11.9
541181,22502,PICNIC BASKET WICKER SMALL,16,2011-01-14 11:50:00,4.95,12877.0,United Kingdom,79.2
577498,22749,FELTCRAFT PRINCESS CHARLOTTE DOLL,1,2011-11-20 12:22:00,3.75,15906.0,United Kingdom,3.75
549682,22923,FRIDGE MAGNETS LES ENFANTS ASSORTED,12,2011-04-11 13:22:00,0.85,12596.0,Spain,10.2
546396,72349B,SET/6 PURPLE BUTTERFLY T-LIGHTS,4,2011-03-11 14:35:00,2.1,13226.0,United Kingdom,8.4
567959,23205,CHARLOTTE BAG VINTAGE ALPHABET ,20,2011-09-23 09:13:00,0.85,12516.0,Germany,17.0
579093,20963,APPLE BATH SPONGE,50,2011-11-28 10:54:00,1.25,13081.0,United Kingdom,62.5
559051,22622,BOX OF VINTAGE ALPHABET BLOCKS,1,2011-07-05 16:47:00,24.96,Unknown,United Kingdom,24.96
563404,20970,PINK FLORAL FELTCRAFT SHOULDER BAG,8,2011-08-16 11:04:00,3.75,16303.0,United Kingdom,30.0
568869,23288,GREEN VINTAGE SPOT BEAKER,8,2011-09-29 12:01:00,0.85,12957.0,United Kingdom,6.8
558096,21851,LILAC DIAMANTE PEN IN GIFT BOX,2,2011-06-26 13:24:00,4.95,15532.0,United Kingdom,9.9
570637,22338,STAR DECORATION PAINTED ZINC ,96,2011-10-11 12:34:00,0.19,12530.0,Germany,18.240000000000002
566195,21877,HOME SWEET HOME MUG,12,2011-09-09 13:44:00,1.25,12433.0,Norway,15.0
559542,23266,SET OF 3 WOODEN STOCKING DECORATION,2,2011-07-10 13:32:00,1.25,17126.0,United Kingdom,2.5
565232,22811,SET OF 6 T-LIGHTS CACTI ,2,2011-09-02 09:30:00,5.79,Unknown,United Kingdom,11.58
555602,47504K,ENGLISH ROSE GARDEN SECATEURS,12,2011-06-06 11:26:00,1.95,16235.0,United Kingdom,23.4
540154,84968C,SET OF 16 VINTAGE PISTACHIO CUTLERY,4,2011-01-05 11:30:00,8.47,Unknown,United Kingdom,33.88
565331,22791,T-LIGHT GLASS FLUTED ANTIQUE,12,2011-09-02 13:59:00,1.25,16674.0,United Kingdom,15.0
540121,22610,PENS ASSORTED FUNNY FACE,36,2011-01-05 10:35:00,0.21,16145.0,United Kingdom,7.56
576837,21945,STRAWBERRIES  DESIGN FLANNEL ,3,2011-11-16 15:16:00,1.63,Unknown,United Kingdom,4.89
543172,22197,SMALL POPCORN HOLDER,6,2011-02-04 09:11:00,1.63,Unknown,United Kingdom,9.78
555590,21668,RED STRIPE CERAMIC DRAWER KNOB,24,2011-06-06 09:39:00,1.25,17690.0,United Kingdom,30.0
557466,23240,SET OF 4 KNICK KNACK TINS DOILEY ,6,2011-06-20 13:08:00,4.15,13815.0,Germany,24.900000000000002
568721,22189,CREAM HEART CARD HOLDER,1,2011-09-28 16:24:00,8.29,Unknown,United Kingdom,8.29
544684,22635,CHILDS BREAKFAST SET DOLLY GIRL ,1,2011-02-22 16:32:00,19.96,Unknown,United Kingdom,19.96
537469,22112,CHOCOLATE HOT WATER BOTTLE,24,2010-12-07 10:43:00,4.25,17720.0,United Kingdom,102.0
578307,22630,DOLLY GIRL LUNCH BOX,2,2011-11-23 15:53:00,1.95,17290.0,United Kingdom,3.9
550636,37476,CONDIMENT TRAY 4 BOWLS AND 4 SPOONS,1,2011-04-19 15:37:00,8.29,Unknown,United Kingdom,8.29
543979,85114A,BLACK ENCHANTED FOREST PLACEMAT,5,2011-02-14 15:43:00,1.65,14606.0,United Kingdom,8.25
580881,23199,JUMBO BAG APPLES,10,2011-12-06 12:19:00,2.08,16620.0,United Kingdom,20.8
549557,22990,COTTON APRON PANTRY DESIGN,3,2011-04-10 12:59:00,4.95,14450.0,United Kingdom,14.850000000000001
560576,22295,HEART FILIGREE DOVE LARGE,6,2011-07-19 14:59:00,1.65,17287.0,United Kingdom,9.899999999999999
548567,23078,ICE CREAM PEN LIP GLOSS ,24,2011-04-01 10:34:00,1.25,17965.0,United Kingdom,30.0
549250,85144,JARDIN ETCHED GLASS CHEESE DISH,1,2011-04-07 12:10:00,1.95,14446.0,United Kingdom,1.95
552325,23206,LUNCH BAG APPLE DESIGN,10,2011-05-09 09:47:00,1.65,12490.0,France,16.5
546643,85150,LADIES & GENTLEMEN METAL SIGN,6,2011-03-15 13:23:00,2.55,16214.0,United Kingdom,15.299999999999999
554842,22568,FELTCRAFT CUSHION OWL,4,2011-05-26 18:17:00,3.75,14740.0,United Kingdom,15.0
561214,21429,RED GINGHAM ROSE JEWELLERY BOX,1,2011-07-25 17:00:00,4.13,Unknown,United Kingdom,4.13
547962,21714,CITRONELLA CANDLE GARDEN POT,12,2011-03-28 15:38:00,1.25,12957.0,United Kingdom,15.0
540468,22585,PACK OF 6 BIRDY GIFT TAGS,2,2011-01-07 13:55:00,2.51,Unknown,United Kingdom,5.02
579161,23493,VINTAGE DOILY TRAVEL SEWING KIT,5,2011-11-28 13:56:00,1.95,17379.0,United Kingdom,9.75
560567,22081,RIBBON REEL FLORA + FAUNA ,2,2011-07-19 13:57:00,3.29,Unknown,United Kingdom,6.58
550438,22844,VINTAGE CREAM DOG FOOD CONTAINER,2,2011-04-18 12:16:00,8.5,15265.0,United Kingdom,17.0
540646,90214W,"LETTER ""W"" BLING KEY RING",1,2011-01-10 14:32:00,0.85,Unknown,United Kingdom,0.85
544724,85152,HAND OVER THE CHOCOLATE   SIGN ,24,2011-02-23 10:46:00,2.1,15605.0,United Kingdom,50.400000000000006
580505,23350,ROLL WRAP VINTAGE SPOT ,4,2011-12-04 13:32:00,1.25,15867.0,United Kingdom,5.0
580504,23079,TOADSTOOL BEDSIDE LIGHT ,1,2011-12-04 13:32:00,8.95,17936.0,United Kingdom,8.95
578344,22541,MINI JIGSAW LEAP FROG,1,2011-11-24 09:21:00,0.83,Unknown,United Kingdom,0.83
562928,84926D,LA PALMIERA TILE COASTER,24,2011-08-10 15:29:00,0.29,15494.0,United Kingdom,6.959999999999999
546008,22136,LOVE HEART SOCK HANGER,1,2011-03-08 15:43:00,3.29,Unknown,United Kingdom,3.29
559557,23159,SET OF 5 PANCAKE DAY MAGNETS,12,2011-07-11 10:33:00,2.08,17444.0,Canada,24.96
572472,22553,PLASTERS IN TIN SKULLS,12,2011-10-24 13:34:00,1.65,14139.0,United Kingdom,19.799999999999997
572509,23203,JUMBO BAG VINTAGE DOILY ,2,2011-10-24 14:25:00,2.08,17004.0,United Kingdom,4.16
C578144,22697,GREEN REGENCY TEACUP AND SAUCER,3,2011-11-23 11:06:00,2.95,16201.0,United Kingdom,8.850000000000001
567805,23333,IVORY WICKER HEART MEDIUM,2,2011-09-22 12:15:00,1.25,12854.0,United Kingdom,2.5
570855,22818,CARD CHRISTMAS VILLAGE,12,2011-10-12 14:56:00,0.42,17314.0,United Kingdom,5.04
573300,23570,TRADITIONAL PICK UP STICKS GAME ,1,2011-10-28 16:10:00,1.25,16049.0,United Kingdom,1.25
558758,21394,RED POLKADOT BEAKER ,1,2011-07-03 12:27:00,0.39,17939.0,United Kingdom,0.39
579777,23376,PACK OF 12 VINTAGE CHRISTMAS TISSUE,2,2011-11-30 15:13:00,0.83,Unknown,United Kingdom,1.66
563477,23292,SPACEBOY CHILDRENS CUP,1,2011-08-16 15:39:00,1.25,17097.0,Spain,1.25
537372,22837,HOT WATER BOTTLE BABUSHKA ,2,2010-12-06 12:52:00,4.65,16919.0,United Kingdom,9.3
559923,71477,COLOUR GLASS. STAR T-LIGHT HOLDER,1,2011-07-13 16:07:00,6.63,Unknown,United Kingdom,6.63
554956,22555,PLASTERS IN TIN STRONGMAN,3,2011-05-27 15:17:00,3.29,Unknown,United Kingdom,9.870000000000001
551142,23148,MINIATURE ANTIQUE ROSE HOOK IVORY,4,2011-04-26 13:22:00,0.83,17613.0,United Kingdom,3.32
580134,20668,DISCO BALL CHRISTMAS DECORATION,24,2011-12-01 19:24:00,0.12,13102.0,United Kingdom,2.88
542255,22697,GREEN REGENCY TEACUP AND SAUCER,6,2011-01-26 16:43:00,5.79,Unknown,United Kingdom,34.74
576673,22548,adjustment,4,2011-11-16 11:59:00,0.0,Unknown,United Kingdom,0.0
575138,21329,DINOSAURS  WRITING SET ,1,2011-11-08 15:24:00,3.29,Unknown,United Kingdom,3.29
557123,22998,TRAVEL CARD WALLET KEEP CALM,10,2011-06-16 17:56:00,0.42,15555.0,United Kingdom,4.2
541827,22659,LUNCH BOX I LOVE LONDON,1,2011-01-21 17:05:00,4.13,Unknown,United Kingdom,4.13
569202,22775,PURPLE DRAWERKNOB ACRYLIC EDWARDIAN,6,2011-09-30 17:22:00,2.46,Unknown,United Kingdom,14.76
547708,82551,LAUNDRY 15C METAL SIGN,288,2011-03-24 18:34:00,1.7,17450.0,United Kingdom,489.59999999999997
555633,22328,ROUND SNACK BOXES SET OF 4 FRUITS ,2,2011-06-06 12:22:00,2.95,14534.0,United Kingdom,5.9
545812,85040A,S/4 PINK FLOWER CANDLES IN BOWL,12,2011-03-07 12:26:00,1.65,14214.0,United Kingdom,19.799999999999997
550512,84535B,FAIRY CAKES NOTEBOOK A6 SIZE,1,2011-04-18 16:31:00,0.65,18069.0,United Kingdom,0.65
569702,21899,GARAGE KEY FOB,1,2011-10-05 16:09:00,0.65,14396.0,United Kingdom,0.65
580903,22199,FRYING PAN RED RETROSPOT,1,2011-12-06 12:56:00,1.25,14606.0,United Kingdom,1.25
548167,22386,JUMBO BAG PINK POLKADOT,4,2011-03-29 13:45:00,4.13,Unknown,United Kingdom,16.52
539466,82613B,"METAL SIGN,CUPCAKE SINGLE HOOK",20,2010-12-19 12:46:00,0.42,12668.0,Germany,8.4
570252,23426,METAL SIGN DROP YOUR PANTS,6,2011-10-10 09:14:00,2.89,14665.0,United Kingdom,17.34
574653,22079,RIBBON REEL HEARTS DESIGN ,10,2011-11-06 11:30:00,1.65,12619.0,Germany,16.5
547921,22771,CLEAR DRAWER KNOB ACRYLIC EDWARDIAN,12,2011-03-28 13:28:00,1.25,14766.0,United Kingdom,15.0
579520,23320,GIANT 50'S CHRISTMAS CRACKER,1,2011-11-29 18:14:00,2.89,12748.0,United Kingdom,2.89
548163,21931,JUMBO STORAGE BAG SUKI,3,2011-03-29 13:43:00,4.13,Unknown,United Kingdom,12.39
575303,23192,BUNDLE OF 3 ALPHABET EXERCISE BOOKS,1,2011-11-09 12:34:00,1.65,12893.0,United Kingdom,1.65
540809,21901,"KEY FOB , BACK DOOR ",24,2011-01-11 12:37:00,0.65,18095.0,United Kingdom,15.600000000000001
578852,21137,BLACK RECORD COVER FRAME,1,2011-11-27 11:12:00,3.75,17841.0,United Kingdom,3.75
579289,23498,CLASSIC BICYCLE CLIPS ,1,2011-11-29 11:11:00,1.45,Unknown,United Kingdom,1.45
580289,23349,ROLL WRAP VINTAGE CHRISTMAS,1,2011-12-02 13:32:00,1.25,15856.0,United Kingdom,1.25
575324,22866,HAND WARMER SCOTTY DOG DESIGN,12,2011-11-09 13:45:00,2.1,14240.0,United Kingdom,25.200000000000003
567880,84347,ROTATING SILVER ANGELS T-LIGHT HLDR,6,2011-09-22 14:56:00,2.55,15398.0,United Kingdom,15.299999999999999
546388,22384,LUNCH BAG PINK POLKADOT,2,2011-03-11 13:42:00,4.96,Unknown,United Kingdom,9.92
547514,21111,"SWISS ROLL TOWEL, CHOCOLATE  SPOTS",6,2011-03-23 14:00:00,2.95,17486.0,United Kingdom,17.700000000000003
550542,22286,DECORATION WOBBLY RABBIT METAL ,2,2011-04-19 11:37:00,3.29,Unknown,United Kingdom,6.58
556484,22937,BAKING MOULD CHOCOLATE CUPCAKES,6,2011-06-12 13:17:00,2.55,16938.0,United Kingdom,15.299999999999999
568531,22915,ASSORTED BOTTLE TOP  MAGNETS ,18,2011-09-27 13:49:00,0.42,16713.0,United Kingdom,7.56
570598,22592,CARDHOLDER HOLLY WREATH METAL,4,2011-10-11 11:55:00,3.75,14175.0,United Kingdom,15.0
C550355,M,Manual,1,2011-04-18 10:29:00,222.75,13811.0,Germany,222.75
569230,46000M,POLYESTER FILLER PAD 45x45cm,4,2011-10-02 15:07:00,1.55,16533.0,United Kingdom,6.2
542541,22079,RIBBON REEL HEARTS DESIGN ,1,2011-01-28 14:25:00,3.29,Unknown,United Kingdom,3.29
542423,22951,60 CAKE CASES DOLLY GIRL DESIGN,48,2011-01-28 09:09:00,0.55,15057.0,United Kingdom,26.400000000000002
570404,23343,JUMBO BAG VINTAGE CHRISTMAS ,1,2011-10-10 12:50:00,2.08,16395.0,United Kingdom,2.08
550911,23205,CHARLOTTE BAG VINTAGE ALPHABET ,10,2011-04-21 13:11:00,0.85,12354.0,Spain,8.5
566041,23197,SKETCHBOOK MAGNETIC SHOPPING LIST,12,2011-09-08 13:48:00,1.45,13814.0,Germany,17.4
541129,22619,SET OF 6 SOLDIER SKITTLES,1,2011-01-14 10:14:00,7.46,Unknown,United Kingdom,7.46
574475,21544,SKULLS  WATER TRANSFER TATTOOS ,12,2011-11-04 12:18:00,0.85,14132.0,United Kingdom,10.2
550035,22411,JUMBO SHOPPER VINTAGE RED PAISLEY,30,2011-04-14 11:48:00,2.08,15039.0,United Kingdom,62.400000000000006
567901,21385,IVORY HANGING DECORATION  HEART,4,2011-09-22 16:28:00,1.63,Unknown,United Kingdom,6.52
549257,84725,FREESTYLE CANVAS ART PICTURE,1,2011-04-07 12:29:00,1.65,14465.0,United Kingdom,1.65
556072,47590B,PINK HAPPY BIRTHDAY BUNTING,6,2011-06-08 14:57:00,5.45,16126.0,United Kingdom,32.7
557295,POST,POSTAGE,1,2011-06-19 13:37:00,18.0,12724.0,France,18.0
571937,23174,REGENCY SUGAR BOWL GREEN,4,2011-10-20 09:28:00,4.15,14911.0,EIRE,16.6
564642,22536,MAGIC DRAWING SLATE PURDEY,24,2011-08-26 13:22:00,0.42,13527.0,United Kingdom,10.08
565472,79321,CHILLI LIGHTS,2,2011-09-05 10:15:00,5.75,16255.0,United Kingdom,11.5
542208,21212,PACK OF 72 RETROSPOT CAKE CASES,120,2011-01-26 11:35:00,0.42,16422.0,United Kingdom,50.4
580126,23493,VINTAGE DOILY TRAVEL SEWING KIT,10,2011-12-01 17:20:00,1.95,12562.0,France,19.5
541302,84945,MULTI COLOUR SILVER T-LIGHT HOLDER,12,2011-01-17 14:18:00,0.85,13769.0,United Kingdom,10.2
553490,90014B,GOLD M PEARL  ORBIT NECKLACE,1,2011-05-17 12:44:00,9.95,13309.0,United Kingdom,9.95
540639,22439,6 ROCKET BALLOONS ,24,2011-01-10 12:28:00,0.65,13107.0,United Kingdom,15.600000000000001
561894,84731,3 BIRDS CANVAS SCREEN,1,2011-07-31 15:00:00,0.39,14456.0,United Kingdom,0.39
561874,22631,CIRCUS PARADE LUNCH BOX ,1,2011-07-31 12:02:00,1.95,16255.0,United Kingdom,1.95
571035,20725,LUNCH BAG RED RETROSPOT,10,2011-10-13 12:50:00,1.65,12446.0,RSA,16.5
537645,85039a,SET/4 RED MINI ROSE CANDLE IN BOWL,1,2010-12-07 15:34:00,3.36,Unknown,United Kingdom,3.36
557012,21469,POLKA DOT RAFFIA FOOD COVER,6,2011-06-16 11:51:00,3.75,18241.0,United Kingdom,22.5
538566,22497,SET OF 2 TINS VINTAGE BATHROOM ,1,2010-12-13 11:21:00,8.47,Unknown,United Kingdom,8.47
540550,37444C,PINK BREAKFAST CUP AND SAUCER ,4,2011-01-10 09:11:00,2.95,12539.0,Spain,11.8
570671,22077,6 RIBBONS RUSTIC CHARM,12,2011-10-11 14:51:00,1.95,16171.0,United Kingdom,23.4
541711,21217,RED RETROSPOT ROUND CAKE TINS,12,2011-01-21 11:18:00,8.95,14646.0,Netherlands,107.39999999999999
576837,21000,ROSE DU SUD COSMETICS BAG,1,2011-11-16 15:16:00,3.29,Unknown,United Kingdom,3.29
556886,21078,SET/20 STRAWBERRY PAPER NAPKINS ,12,2011-06-15 12:34:00,0.85,12624.0,France,10.2
580138,23489,VINTAGE BELLS GARLAND,24,2011-12-02 08:55:00,2.89,13199.0,United Kingdom,69.36
556490,23049,RECYCLED ACAPULCO MAT RED,2,2011-06-12 14:08:00,8.25,13078.0,United Kingdom,16.5
578827,22219,LOVEBIRD HANGING DECORATION WHITE ,1,2011-11-25 14:25:00,1.63,Unknown,United Kingdom,1.63
572185,21154,RED RETROSPOT OVEN GLOVE ,8,2011-10-21 10:52:00,3.29,Unknown,United Kingdom,26.32
580094,23394,POSTE FRANCE CUSHION COVER,2,2011-12-01 14:50:00,3.75,15904.0,United Kingdom,7.5
568322,23049,RECYCLED ACAPULCO MAT RED,1,2011-09-26 13:41:00,8.25,15958.0,United Kingdom,8.25
561515,23034,DRAWER KNOB CERAMIC BLACK,2,2011-07-27 15:16:00,3.29,Unknown,United Kingdom,6.58
569862,23503,PLAYING CARDS KEEP CALM & CARRY ON,1,2011-10-06 14:43:00,1.25,14518.0,United Kingdom,1.25
548490,85066,CREAM SWEETHEART MINI CHEST,4,2011-03-31 13:13:00,12.75,12909.0,United Kingdom,51.0
564755,22646,CERAMIC STRAWBERRY CAKE MONEY BANK,1,2011-08-30 10:31:00,3.29,Unknown,United Kingdom,3.29
544695,20728,LUNCH BAG CARS BLUE,10,2011-02-23 09:38:00,1.65,14276.0,United Kingdom,16.5
567300,POST,POSTAGE,3,2011-09-19 12:36:00,18.0,12724.0,France,54.0
544484,21592,RETROSPOT CIGAR BOX MATCHES ,24,2011-02-21 11:10:00,1.25,15321.0,United Kingdom,30.0
553946,22699,ROSES REGENCY TEACUP AND SAUCER ,6,2011-05-20 10:48:00,2.95,15601.0,United Kingdom,17.700000000000003
540414,22894,TABLECLOTH RED APPLES DESIGN ,2,2011-01-07 10:32:00,8.5,12481.0,Germany,17.0
541219,84968F,SET OF 16 VINTAGE SKY BLUE CUTLERY,5,2011-01-14 14:06:00,8.29,Unknown,United Kingdom,41.449999999999996
557514,22077,6 RIBBONS RUSTIC CHARM,3,2011-06-20 16:58:00,1.65,14667.0,United Kingdom,4.949999999999999
566482,23403,LETTER HOLDER HOME SWEET HOME,4,2011-09-13 09:43:00,3.75,16609.0,United Kingdom,15.0
555242,84879,ASSORTED COLOUR BIRD ORNAMENT,24,2011-06-01 13:40:00,1.69,16424.0,United Kingdom,40.56
574711,82494L,WOODEN FRAME ANTIQUE WHITE ,6,2011-11-06 14:20:00,2.95,14517.0,United Kingdom,17.700000000000003
557762,20726,LUNCH BAG WOODLAND,10,2011-06-22 14:01:00,1.65,15810.0,United Kingdom,16.5
549128,22995,TRAVEL CARD WALLET SUKI,36,2011-04-06 14:25:00,0.42,16713.0,United Kingdom,15.12
569846,22865,HAND WARMER OWL DESIGN,12,2011-10-06 13:42:00,2.1,13422.0,United Kingdom,25.200000000000003
540856,22849,BREAD BIN DINER STYLE MINT,4,2011-01-12 10:16:00,14.95,16655.0,United Kingdom,59.8
537852,21874,GIN AND TONIC MUG,12,2010-12-08 15:56:00,1.25,17340.0,United Kingdom,15.0
567656,84969,BOX OF 6 ASSORTED COLOUR TEASPOONS,1,2011-09-21 14:40:00,8.29,14096.0,United Kingdom,8.29
577078,72799E,IVORY PILLAR CANDLE SILVER FLOCK,2,2011-11-17 15:17:00,3.29,Unknown,United Kingdom,6.58
553350,21232,STRAWBERRY CERAMIC TRINKET BOX,12,2011-05-16 13:32:00,1.25,12871.0,United Kingdom,15.0
552894,21888,BINGO SET,1,2011-05-12 10:53:00,3.75,14606.0,United Kingdom,3.75
560125,23319,BOX OF 6 MINI 50'S CRACKERS,1,2011-07-15 10:44:00,2.49,18118.0,United Kingdom,2.49
537160,22694,WICKER STAR ,3,2010-12-05 13:18:00,2.1,14161.0,United Kingdom,6.300000000000001
552662,84970l,SINGLE HEART ZINC T-LIGHT HOLDER,3,2011-05-10 15:04:00,2.08,Unknown,United Kingdom,6.24
549185,22978,PANTRY ROLLING PIN,6,2011-04-07 09:35:00,3.75,18272.0,United Kingdom,22.5
577358,22909,SET OF 20 VINTAGE CHRISTMAS NAPKINS,2,2011-11-18 15:59:00,1.63,Unknown,United Kingdom,3.26
542115,21213,PACK OF 72 SKULL CAKE CASES,1,2011-01-25 14:01:00,2.08,Unknown,United Kingdom,2.08
579539,22699,ROSES REGENCY TEACUP AND SAUCER ,6,2011-11-30 10:06:00,2.95,14911.0,EIRE,17.700000000000003
541830,84598,BOYS ALPHABET IRON ON PATCHES,7,2011-01-21 17:09:00,0.42,Unknown,United Kingdom,2.94
567200,21975,PACK OF 60 DINOSAUR CAKE CASES,24,2011-09-19 10:15:00,0.55,16460.0,United Kingdom,13.200000000000001
552315,21700,BIG DOUGHNUT FRIDGE MAGNETS,12,2011-05-08 16:10:00,0.85,12700.0,France,10.2
566164,22041,"RECORD FRAME 7"" SINGLE SIZE ",6,2011-09-09 11:56:00,5.79,Unknown,United Kingdom,34.74
543909,22858,EASTER TIN KEEPSAKE,6,2011-02-14 12:32:00,1.45,Unknown,United Kingdom,8.7
547251,21169,YOU'RE CONFUSING ME METAL SIGN ,12,2011-03-22 09:43:00,1.69,17865.0,United Kingdom,20.28
574022,23084,RABBIT NIGHT LIGHT,48,2011-11-02 12:20:00,1.79,12594.0,Italy,85.92
579399,23245,SET OF 3 REGENCY CAKE TINS,3,2011-11-29 12:09:00,4.95,13137.0,United Kingdom,14.850000000000001
539958,85132A,CHARLIE + LOLA BISCUITS TINS,3,2010-12-23 13:26:00,8.47,Unknown,United Kingdom,25.410000000000004
552108,21931,JUMBO STORAGE BAG SUKI,1,2011-05-06 11:36:00,2.08,17841.0,United Kingdom,2.08
578270,21218,RED SPOTTY BISCUIT TIN,1,2011-11-23 13:39:00,8.29,14096.0,United Kingdom,8.29
540953,84536A,ENGLISH ROSE NOTEBOOK A7 SIZE,2,2011-01-12 13:16:00,0.42,14587.0,United Kingdom,0.84
560895,22697,GREEN REGENCY TEACUP AND SAUCER,6,2011-07-21 17:12:00,2.95,13089.0,United Kingdom,17.700000000000003
576832,22630,DOLLY GIRL LUNCH BOX,12,2011-11-16 15:01:00,1.95,13102.0,United Kingdom,23.4
544339,22699,ROSES REGENCY TEACUP AND SAUCER ,6,2011-02-18 09:04:00,2.95,15228.0,United Kingdom,17.700000000000003
545105,22899,CHILDREN'S APRON DOLLY GIRL ,12,2011-02-28 11:58:00,2.1,12598.0,France,25.200000000000003
C543611,21730,GLASS STAR FROSTED T-LIGHT HOLDER,1,2011-02-10 14:38:00,4.95,17850.0,United Kingdom,4.95
548522,20754,RETROSPOT RED WASHING UP GLOVES,2,2011-03-31 16:43:00,4.13,Unknown,United Kingdom,8.26
577768,22074,6 RIBBONS SHIMMERING PINKS ,1,2011-11-21 15:18:00,1.25,Unknown,United Kingdom,1.25
C541863,21231,SWEETHEART CERAMIC TRINKET BOX,9,2011-01-23 16:08:00,1.06,13798.0,United Kingdom,9.540000000000001
563430,22297,HEART IVORY TRELLIS SMALL,24,2011-08-16 11:50:00,1.25,14918.0,United Kingdom,30.0
570488,23183,MOTHER'S KITCHEN SPOON REST ,2,2011-10-10 17:12:00,7.46,14096.0,United Kingdom,14.92
558904,22355,CHARLOTTE BAG SUKI DESIGN,6,2011-07-04 16:18:00,1.63,Unknown,United Kingdom,9.78
548808,22622,BOX OF VINTAGE ALPHABET BLOCKS,2,2011-04-04 12:55:00,11.95,17774.0,United Kingdom,23.9
579098,21985,PACK OF 12 HEARTS DESIGN TISSUES ,4,2011-11-28 11:18:00,0.39,14606.0,United Kingdom,1.56
537262,22411,JUMBO SHOPPER VINTAGE RED PAISLEY,10,2010-12-06 11:26:00,1.95,15039.0,United Kingdom,19.5
C545997,22634,CHILDS BREAKFAST SET SPACEBOY ,1,2011-03-08 14:35:00,9.95,12679.0,France,9.95
571064,20828,GLITTER BUTTERFLY CLIPS,2,2011-10-13 14:48:00,2.55,17181.0,United Kingdom,5.1
552202,47566,PARTY BUNTING,8,2011-05-06 14:51:00,4.95,12414.0,Austria,39.6
538071,22732,3D VINTAGE CHRISTMAS STICKERS ,1,2010-12-09 14:09:00,2.51,Unknown,United Kingdom,2.51
559984,23207,LUNCH BAG ALPHABET DESIGN,1,2011-07-14 11:45:00,1.65,16657.0,United Kingdom,1.65
572986,22024,RAINY LADIES BIRTHDAY CARD,12,2011-10-27 10:51:00,0.42,12681.0,France,5.04
546306,35914,PINK CHICK EGG WARMER + EGG CUP,2,2011-03-10 16:16:00,0.83,Unknown,United Kingdom,1.66
538208,22110,BIRD HOUSE HOT WATER BOTTLE,1,2010-12-10 11:39:00,2.55,14037.0,United Kingdom,2.55
543801,22358,KINGS CHOICE TEA CADDY ,1,2011-02-13 11:52:00,2.95,17811.0,United Kingdom,2.95
567304,23408,PHOTO FRAME LINEN AND LACE SMALL,3,2011-09-19 13:27:00,2.08,14704.0,United Kingdom,6.24
557324,21326,AGED GLASS SILVER T-LIGHT HOLDER,14,2011-06-20 09:41:00,1.63,Unknown,United Kingdom,22.82
568390,21260,FIRST AID TIN,6,2011-09-27 10:08:00,3.25,17811.0,United Kingdom,19.5
558761,82483,WOOD 2 DRAWER CABINET WHITE FINISH,2,2011-07-03 12:52:00,6.95,15033.0,United Kingdom,13.9
554380,85174,S/4 CACTI CANDLES,8,2011-05-24 11:45:00,4.95,16709.0,United Kingdom,39.6
558196,22674,FRENCH TOILET SIGN BLUE METAL,6,2011-06-27 12:38:00,1.25,16033.0,United Kingdom,7.5
551653,22192,BLUE DINER WALL CLOCK,2,2011-05-03 12:03:00,8.5,13282.0,United Kingdom,17.0
536623,22815,CARD PSYCHEDELIC APPLES,24,2010-12-02 10:39:00,0.42,15601.0,United Kingdom,10.08
539333,22507,MEMO BOARD RETROSPOT  DESIGN,4,2010-12-17 09:52:00,4.95,13627.0,United Kingdom,19.8
542420,22348,TEA BAG PLATE RED RETROSPOT,6,2011-01-27 18:05:00,0.85,17180.0,United Kingdom,5.1
552036,22514,CHILDS GARDEN SPADE BLUE,2,2011-05-05 19:16:00,2.1,12748.0,United Kingdom,4.2
541104,84078A,SET/4 WHITE RETRO STORAGE CUBES ,1,2011-01-13 14:29:00,74.96,Unknown,United Kingdom,74.96
536876,84945,MULTI COLOUR SILVER T-LIGHT HOLDER,6,2010-12-03 11:36:00,1.84,Unknown,United Kingdom,11.040000000000001
546486,15058A,BLUE POLKADOT GARDEN PARASOL,1,2011-03-14 11:41:00,7.95,15039.0,United Kingdom,7.95
550631,22626,BLACK KITCHEN SCALES,2,2011-04-19 14:51:00,8.5,15225.0,United Kingdom,17.0
539492,22616,PACK OF 12 LONDON TISSUES ,1,2010-12-20 10:14:00,0.85,Unknown,United Kingdom,0.85
579458,21730,GLASS STAR FROSTED T-LIGHT HOLDER,1,2011-11-29 14:38:00,4.95,16549.0,United Kingdom,4.95
575324,23398,HANGING HEART BONHEUR,12,2011-11-09 13:45:00,0.85,14240.0,United Kingdom,10.2
581020,23242,TREASURE TIN BUFFALO BILL ,48,2011-12-07 10:12:00,1.85,17511.0,United Kingdom,88.80000000000001
560773,84877B,GREEN ROUND COMPACT MIRROR,2,2011-07-20 16:17:00,2.46,Unknown,United Kingdom,4.92
567850,23188,VINTAGE  2 METER FOLDING RULER,12,2011-09-22 13:18:00,1.65,15067.0,United Kingdom,19.799999999999997
569202,23247,BISCUIT TIN 50'S CHRISTMAS,1,2011-09-30 17:22:00,5.79,Unknown,United Kingdom,5.79
568346,22077,6 RIBBONS RUSTIC CHARM,6,2011-09-26 15:28:00,3.29,14096.0,United Kingdom,19.740000000000002
544323,22616,PACK OF 12 LONDON TISSUES ,1,2011-02-17 15:51:00,0.83,Unknown,United Kingdom,0.83
570229,22111,SCOTTIE DOG HOT WATER BOTTLE,1,2011-10-09 13:30:00,4.95,15756.0,United Kingdom,4.95
537434,22621,TRADITIONAL KNITTING NANCY,2,2010-12-06 16:57:00,1.45,Unknown,United Kingdom,2.9
537852,22197,SMALL POPCORN HOLDER,13,2010-12-08 15:56:00,0.85,17340.0,United Kingdom,11.049999999999999
572550,21811,HANGING HEART WITH BELL,7,2011-10-24 17:06:00,0.83,Unknown,United Kingdom,5.81
572762,22960,JAM MAKING SET WITH JARS,6,2011-10-26 09:50:00,4.25,15240.0,United Kingdom,25.5
537434,20975,12 PENCILS SMALL TUBE RED RETROSPOT,7,2010-12-06 16:57:00,1.28,Unknown,United Kingdom,8.96
541827,90187B,GREEN DROP EARRINGS W BEAD CLUSTER,1,2011-01-21 17:05:00,3.32,Unknown,United Kingdom,3.32
576617,22650,CERAMIC PIRATE CHEST MONEY BANK,1,2011-11-15 16:57:00,3.29,Unknown,United Kingdom,3.29
542629,22629,SPACEBOY LUNCH BOX ,24,2011-01-31 09:57:00,1.95,12731.0,France,46.8
C549783,22060,LARGE CAKE STAND HANGING HEARTS,5,2011-04-12 11:50:00,3.95,16558.0,United Kingdom,19.75
547387,21929,JUMBO BAG PINK VINTAGE PAISLEY,10,2011-03-22 16:00:00,1.95,12539.0,Spain,19.5
565431,23196,VINTAGE LEAF MAGNETIC NOTEPAD,5,2011-09-04 13:15:00,1.45,14965.0,United Kingdom,7.25
564093,22770,MIRROR CORNICE,2,2011-08-23 10:29:00,14.95,14930.0,Channel Islands,29.9
574591,23531,WALL ART BIG LOVE ,3,2011-11-06 10:47:00,6.95,15745.0,United Kingdom,20.85
542103,21124,SET/10 BLUE POLKADOT PARTY CANDLES,24,2011-01-25 13:26:00,1.25,13198.0,United Kingdom,30.0
567092,22083,PAPER CHAIN KIT RETROSPOT,6,2011-09-16 12:48:00,2.95,13196.0,United Kingdom,17.700000000000003
575059,23333,IVORY WICKER HEART MEDIUM,1,2011-11-08 12:25:00,1.25,14071.0,United Kingdom,1.25
568591,21930,JUMBO STORAGE BAG SKULLS,10,2011-09-28 10:39:00,2.08,17088.0,United Kingdom,20.8
567288,21154,RED RETROSPOT OVEN GLOVE ,2,2011-09-19 11:49:00,1.25,16906.0,United Kingdom,2.5
538349,90030B,RED KUKUI COCONUT SEED NECKLACE,1,2010-12-10 14:59:00,5.94,Unknown,United Kingdom,5.94
577038,23266,SET OF 3 WOODEN STOCKING DECORATION,6,2011-11-17 13:30:00,1.25,14796.0,United Kingdom,7.5
581023,20718,RED RETROSPOT SHOPPER BAG,2,2011-12-07 10:35:00,3.29,Unknown,United Kingdom,6.58
540093,22117,METAL SIGN HER DINNER IS SERVED ,2,2011-01-04 15:24:00,2.95,16725.0,United Kingdom,5.9
569246,84915,HAND TOWEL PINK FLOWER AND DAISY,1,2011-10-03 09:57:00,4.13,14096.0,United Kingdom,4.13
536531,22727,ALARM CLOCK BAKELIKE RED ,9,2010-12-01 13:23:00,3.75,15485.0,United Kingdom,33.75
571716,22114,HOT WATER BOTTLE TEA AND SYMPATHY,3,2011-10-18 17:05:00,8.29,Unknown,United Kingdom,24.869999999999997
564489,23255,CHILDRENS CUTLERY CIRCUS PARADE,4,2011-08-25 14:13:00,4.15,15950.0,United Kingdom,16.6
541596,72741,GRAND CHOCOLATECANDLE,9,2011-01-19 16:19:00,1.45,17602.0,United Kingdom,13.049999999999999
558774,21944,KITTENS DESIGN FLANNEL,1,2011-07-04 10:17:00,0.83,Unknown,United Kingdom,0.83
554094,85169C,EAU DE NIL LOVE BIRD CANDLE,1,2011-05-22 12:49:00,1.25,15716.0,United Kingdom,1.25
564974,22840,ROUND CAKE TIN VINTAGE RED,1,2011-08-31 15:32:00,15.79,Unknown,United Kingdom,15.79
578539,22559,SEASIDE FLYING DISC,12,2011-11-24 14:55:00,1.25,Unknown,Unspecified,15.0
536876,22251,BIRDHOUSE DECORATION MAGIC GARDEN,1,2010-12-03 11:36:00,2.51,Unknown,United Kingdom,2.51
559330,23146,TRIPLE HOOK ANTIQUE IVORY ROSE,4,2011-07-07 15:44:00,3.29,17696.0,United Kingdom,13.16
552658,22778,GLASS CLOCHE SMALL,1,2011-05-10 14:57:00,3.95,14534.0,United Kingdom,3.95
539103,21348,PINK SPOTS CHOCOLATE NESTING BOXES ,24,2010-12-16 10:38:00,2.55,16985.0,United Kingdom,61.199999999999996
569037,82482,WOODEN PICTURE FRAME WHITE FINISH,3,2011-09-30 10:45:00,2.95,13263.0,United Kingdom,8.850000000000001
543466,22481,BLACK TEA TOWEL CLASSIC DESIGN,12,2011-02-08 14:34:00,1.25,16713.0,United Kingdom,15.0
580115,21932,SCANDINAVIAN PAISLEY PICNIC BAG,1,2011-12-01 16:22:00,2.46,Unknown,United Kingdom,2.46
556828,23321,SMALL WHITE HEART OF WICKER,3,2011-06-15 10:39:00,1.65,17284.0,United Kingdom,4.949999999999999
543166,22846,BREAD BIN DINER STYLE RED ,1,2011-02-04 08:27:00,16.95,13488.0,United Kingdom,16.95
578065,22468,BABUSHKA LIGHTS STRING OF 10,1,2011-11-22 15:41:00,13.29,Unknown,United Kingdom,13.29
550467,85200,BUNNY EGG BOX,2,2011-04-18 13:36:00,1.25,18009.0,United Kingdom,2.5
562454,84510C,SET OF 4 POLKADOT COASTERS,10,2011-08-05 10:31:00,1.25,15128.0,United Kingdom,12.5
566018,21533,RETROSPOT LARGE MILK JUG,2,2011-09-08 12:42:00,4.95,13137.0,United Kingdom,9.9
546753,20969,RED FLORAL FELTCRAFT SHOULDER BAG,2,2011-03-16 13:00:00,3.75,16383.0,United Kingdom,7.5
578065,72760B,VINTAGE CREAM 3 BASKET CAKE STAND,1,2011-11-22 15:41:00,20.79,Unknown,United Kingdom,20.79
566572,22558,CLOTHES PEGS RETROSPOT PACK 24 ,12,2011-09-13 12:52:00,1.65,13488.0,United Kingdom,19.799999999999997
573336,20983,12 PENCILS TALL TUBE RED RETROSPOT,4,2011-10-30 11:37:00,0.85,17372.0,United Kingdom,3.4
543013,84535B,FAIRY CAKES NOTEBOOK A6 SIZE,1,2011-02-02 13:35:00,1.46,Unknown,United Kingdom,1.46
571508,22909,SET OF 20 VINTAGE CHRISTMAS NAPKINS,1,2011-10-17 15:27:00,1.63,Unknown,United Kingdom,1.63
572335,22865,HAND WARMER OWL DESIGN,12,2011-10-24 10:27:00,2.1,14493.0,United Kingdom,25.200000000000003
553341,22666,RECIPE BOX PANTRY YELLOW DESIGN,6,2011-05-16 12:25:00,2.95,16293.0,United Kingdom,17.700000000000003
554098,22178,VICTORIAN GLASS HANGING T-LIGHT,6,2011-05-22 13:01:00,1.25,14769.0,United Kingdom,7.5
562371,22627,MINT KITCHEN SCALES,2,2011-08-04 14:30:00,8.5,13709.0,United Kingdom,17.0
575087,21790,VINTAGE SNAP CARDS,1,2011-11-08 13:57:00,0.85,16549.0,United Kingdom,0.85
573388,23286,BLUE VINTAGE SPOT BEAKER,8,2011-10-30 14:44:00,0.85,14895.0,United Kingdom,6.8
549845,23000,TRAVEL CARD WALLET TRANSPORT,11,2011-04-12 14:22:00,0.42,16729.0,United Kingdom,4.62
572457,20712,JUMBO BAG WOODLAND ANIMALS,10,2011-10-24 12:44:00,2.08,12594.0,Italy,20.8
563229,21135,VICTORIAN  METAL POSTCARD SPRING,1,2011-08-14 15:35:00,1.69,17988.0,United Kingdom,1.69
554157,20728,LUNCH BAG CARS BLUE,2,2011-05-23 11:33:00,1.65,18283.0,United Kingdom,3.3
544434,90214C,"LETTER ""C"" BLING KEY RING",1,2011-02-18 16:12:00,0.83,Unknown,United Kingdom,0.83
563557,22558,CLOTHES PEGS RETROSPOT PACK 24 ,12,2011-08-17 13:33:00,1.65,15786.0,United Kingdom,19.799999999999997
544599,22974,CHILDRENS DOLLY GIRL MUG,1,2011-02-21 18:15:00,3.29,Unknown,United Kingdom,3.29
572553,22123,PING MICROWAVE APRON,1,2011-10-24 17:09:00,4.13,Unknown,United Kingdom,4.13
553739,85123A,WHITE HANGING HEART T-LIGHT HOLDER,6,2011-05-19 09:23:00,2.95,14895.0,United Kingdom,17.700000000000003
558896,22384,LUNCH BAG PINK POLKADOT,1,2011-07-04 15:55:00,1.65,Unknown,United Kingdom,1.65
565665,22646,CERAMIC STRAWBERRY CAKE MONEY BANK,4,2011-09-05 17:44:00,1.45,15856.0,United Kingdom,5.8
554261,21889,WOODEN BOX OF DOMINOES,1,2011-05-23 12:32:00,1.25,16033.0,United Kingdom,1.25
574841,22580,ADVENT CALENDAR GINGHAM SACK,3,2011-11-07 11:42:00,5.95,14156.0,EIRE,17.85
552779,22729,ALARM CLOCK BAKELIKE ORANGE,4,2011-05-11 12:13:00,3.75,13013.0,United Kingdom,15.0
572058,23052,RECYCLED ACAPULCO MAT TURQUOISE,1,2011-10-20 12:43:00,8.25,18252.0,United Kingdom,8.25
580884,22578,WOODEN STAR CHRISTMAS SCANDINAVIAN,6,2011-12-06 12:21:00,0.29,15907.0,United Kingdom,1.7399999999999998
564837,23323,WHITE WICKER STAR ,1,2011-08-30 12:40:00,4.13,Unknown,United Kingdom,4.13
543812,21790,VINTAGE SNAP CARDS,1,2011-02-13 14:40:00,0.85,17472.0,United Kingdom,0.85
580672,22541,MINI JIGSAW LEAP FROG,3,2011-12-05 14:29:00,0.19,17920.0,United Kingdom,0.5700000000000001
579508,22195,LARGE HEART MEASURING SPOONS,1,2011-11-29 16:33:00,3.29,Unknown,United Kingdom,3.29
576213,22578,WOODEN STAR CHRISTMAS SCANDINAVIAN,3,2011-11-14 12:47:00,0.29,18117.0,United Kingdom,0.8699999999999999
571676,22578,WOODEN STAR CHRISTMAS SCANDINAVIAN,2,2011-10-18 13:29:00,0.29,16910.0,United Kingdom,0.58
557136,21441,BLUE BIRDHOUSE DECORATION,12,2011-06-17 09:23:00,0.85,14911.0,EIRE,10.2
559032,23241,TREASURE TIN GYMKHANA DESIGN,6,2011-07-05 14:53:00,2.08,17511.0,United Kingdom,12.48
546254,22791,T-LIGHT GLASS FLUTED ANTIQUE,12,2011-03-10 14:45:00,1.25,14727.0,United Kingdom,15.0
579559,21899,GARAGE KEY FOB,1,2011-11-30 11:30:00,0.65,16764.0,United Kingdom,0.65
568877,22328,ROUND SNACK BOXES SET OF 4 FRUITS ,10,2011-09-29 12:31:00,2.95,14680.0,United Kingdom,29.5
548740,20914,SET/5 RED RETROSPOT LID GLASS BOWLS,6,2011-04-04 11:34:00,2.95,13319.0,United Kingdom,17.700000000000003
565303,22529,MAGIC DRAWING SLATE GO TO THE FAIR ,2,2011-09-02 12:17:00,0.42,Unknown,Unspecified,0.84
546896,15056N,EDWARDIAN PARASOL NATURAL,1,2011-03-17 18:24:00,12.46,Unknown,United Kingdom,12.46
566171,22169,FAMILY ALBUM WHITE PICTURE FRAME,1,2011-09-09 12:22:00,8.5,18118.0,United Kingdom,8.5
551719,21810,CHRISTMAS HANGING STAR WITH BELL,1,2011-05-03 16:09:00,2.46,Unknown,United Kingdom,2.46
577337,23382,BOX OF 6 CHRISTMAS CAKE DECORATIONS,1,2011-11-18 14:51:00,3.75,15494.0,United Kingdom,3.75
564322,22355,CHARLOTTE BAG SUKI DESIGN,100,2011-08-24 13:23:00,0.72,13694.0,United Kingdom,72.0
560078,21116,OWL DOORSTOP,3,2011-07-14 16:12:00,4.95,16040.0,United Kingdom,14.850000000000001
579124,23197,SKETCHBOOK MAGNETIC SHOPPING LIST,1,2011-11-28 12:14:00,1.45,15721.0,United Kingdom,1.45
537769,22834,HAND WARMER BABUSHKA DESIGN,1,2010-12-08 12:17:00,2.1,15021.0,United Kingdom,2.1
537434,21723,ALPHABET HEARTS STICKER SHEET,1,2010-12-06 16:57:00,1.66,Unknown,United Kingdom,1.66
572858,22086,PAPER CHAIN KIT 50'S CHRISTMAS ,2,2011-10-26 12:36:00,2.95,13571.0,United Kingdom,5.9
555835,21061,PARTY INVITES FOOTBALL,1,2011-06-07 12:34:00,0.85,14525.0,United Kingdom,0.85
572837,23221,REINDEER HEART DECORATION SILVER,12,2011-10-26 12:01:00,0.83,14754.0,United Kingdom,9.959999999999999
571508,22492,MINI PAINT SET VINTAGE ,2,2011-10-17 15:27:00,1.63,Unknown,United Kingdom,3.26
570187,84508C,BLUE CIRCLES DESIGN TEDDY,1,2011-10-07 15:09:00,4.96,Unknown,United Kingdom,4.96
571716,22665,RECIPE BOX BLUE SKETCHBOOK DESIGN,2,2011-10-18 17:05:00,5.79,Unknown,United Kingdom,11.58
560285,22348,TEA BAG PLATE RED RETROSPOT,12,2011-07-18 09:21:00,0.85,14944.0,United Kingdom,10.2
561371,21791,VINTAGE HEADS AND TAILS CARD GAME ,1,2011-07-26 16:25:00,2.46,Unknown,United Kingdom,2.46
571654,22580,ADVENT CALENDAR GINGHAM SACK,1,2011-10-18 12:17:00,5.95,18118.0,United Kingdom,5.95
555515,23283,DOORMAT VINTAGE LEAVES DESIGN ,5,2011-06-05 10:47:00,7.95,17690.0,United Kingdom,39.75
568701,20719,WOODLAND CHARLOTTE BAG,10,2011-09-28 15:07:00,0.85,13924.0,United Kingdom,8.5
572513,17012B,ORIGAMI JASMINE INCENSE/CANDLE SET,1,2011-10-24 14:36:00,0.85,16728.0,United Kingdom,0.85
565851,23145,ZINC T-LIGHT HOLDER STAR LARGE,12,2011-09-07 13:06:00,0.95,14911.0,EIRE,11.399999999999999
574470,23508,MINI PLAYING CARDS DOLLY GIRL ,6,2011-11-04 11:56:00,0.42,12748.0,United Kingdom,2.52
558475,21749,LARGE RED RETROSPOT WINDMILL,2,2011-06-29 15:58:00,4.13,Unknown,United Kingdom,8.26
544271,21245,GREEN POLKADOT PLATE ,8,2011-02-17 11:46:00,1.69,17083.0,United Kingdom,13.52
578746,23206,LUNCH BAG APPLE DESIGN,11,2011-11-25 11:36:00,4.96,Unknown,United Kingdom,54.56
576099,23392,SPACEBOY ROCKET LOLLY MAKERS,6,2011-11-14 10:28:00,2.08,13021.0,United Kingdom,12.48
546383,21232,STRAWBERRY CERAMIC TRINKET BOX,12,2011-03-11 12:54:00,1.25,13654.0,United Kingdom,15.0
566495,21481,FAWN BLUE HOT WATER BOTTLE,2,2011-09-13 11:14:00,3.75,15529.0,United Kingdom,7.5
544461,22675,FRENCH KITCHEN SIGN BLUE METAL,24,2011-02-20 14:08:00,1.25,13744.0,United Kingdom,30.0
580754,22835,HOT WATER BOTTLE I AM SO POORLY,4,2011-12-06 10:05:00,12.46,Unknown,United Kingdom,49.84
567303,23265,SET OF 3 WOODEN TREE DECORATIONS,12,2011-09-19 13:20:00,1.25,17613.0,United Kingdom,15.0
565235,22709,WRAP WEDDING DAY,25,2011-09-02 09:43:00,0.42,13418.0,United Kingdom,10.5
561056,22650,CERAMIC PIRATE CHEST MONEY BANK,12,2011-07-24 13:17:00,1.45,13477.0,United Kingdom,17.4
546538,82580,BATHROOM METAL SIGN,12,2011-03-14 14:51:00,0.55,16327.0,United Kingdom,6.6000000000000005
576339,84859C,PINK DISCO HANDBAG,1,2011-11-14 15:27:00,4.13,14096.0,United Kingdom,4.13
576840,84032A,CHARLIE+LOLA PINK HOT WATER BOTTLE,3,2011-11-16 15:23:00,3.29,Unknown,United Kingdom,9.870000000000001
572553,21479,WHITE SKULL HOT WATER BOTTLE ,1,2011-10-24 17:09:00,8.29,Unknown,United Kingdom,8.29
551342,20975,12 PENCILS SMALL TUBE RED RETROSPOT,24,2011-04-28 08:34:00,0.65,16099.0,United Kingdom,15.600000000000001
540247,85123A,WHITE HANGING HEART T-LIGHT HOLDER,3,2011-01-05 15:56:00,2.95,15464.0,United Kingdom,8.850000000000001
547552,20712,JUMBO BAG WOODLAND ANIMALS,2,2011-03-23 15:55:00,4.13,Unknown,United Kingdom,8.26
578026,23205,CHARLOTTE BAG VINTAGE ALPHABET ,10,2011-11-22 13:29:00,0.85,17659.0,United Kingdom,8.5
576189,22367,CHILDRENS APRON SPACEBOY DESIGN,2,2011-11-14 11:33:00,1.95,14684.0,United Kingdom,3.9
578354,23569,TRADTIONAL ALPHABET STAMP SET,4,2011-11-24 10:12:00,4.95,17139.0,United Kingdom,19.8
577613,21913,VINTAGE SEASIDE JIGSAW PUZZLES,4,2011-11-21 10:02:00,3.75,14911.0,EIRE,15.0
547397,20711,JUMBO BAG TOYS ,1,2011-03-22 16:55:00,4.13,Unknown,United Kingdom,4.13
574741,22197,POPCORN HOLDER,8,2011-11-06 16:13:00,0.85,15993.0,United Kingdom,6.8
559112,22699,ROSES REGENCY TEACUP AND SAUCER ,2,2011-07-06 11:59:00,2.95,17315.0,United Kingdom,5.9
566010,22835,HOT WATER BOTTLE I AM SO POORLY,2,2011-09-08 12:05:00,4.95,13700.0,United Kingdom,9.9
571214,23002,TRAVEL CARD WALLET SKULLS,11,2011-10-14 12:56:00,0.42,14390.0,United Kingdom,4.62
550470,48194,DOORMAT HEARTS,1,2011-04-18 13:49:00,15.79,Unknown,United Kingdom,15.79
575628,22119,PEACE WOODEN BLOCK LETTERS,1,2011-11-10 13:31:00,6.95,12844.0,United Kingdom,6.95
552182,22848,BREAD BIN DINER STYLE PINK,1,2011-05-06 13:38:00,16.95,14180.0,United Kingdom,16.95
571318,22139,RETROSPOT TEA SET CERAMIC 11 PC ,24,2011-10-17 10:50:00,4.95,17404.0,Sweden,118.80000000000001
559329,22993,SET OF 4 PANTRY JELLY MOULDS,36,2011-07-07 15:41:00,1.25,15241.0,United Kingdom,45.0
576217,23100,SILVER BELLS TABLE DECORATION,1,2011-11-14 12:56:00,1.25,17081.0,United Kingdom,1.25
570333,21169,YOU'RE CONFUSING ME METAL SIGN ,1,2011-10-10 12:19:00,1.69,18126.0,United Kingdom,1.69
537351,21219,SET/4 BADGES BALLOON GIRL,10,2010-12-06 12:23:00,1.25,16898.0,United Kingdom,12.5
560555,20984,12 PENCILS TALL TUBE POSY,2,2011-07-19 13:01:00,0.29,14178.0,United Kingdom,0.58
562282,23232,WRAP VINTAGE LEAF DESIGN,50,2011-08-04 10:38:00,0.42,13098.0,United Kingdom,21.0
573553,85049e,SCANDINAVIAN REDS RIBBONS,1,2011-10-31 13:48:00,3.29,Unknown,United Kingdom,3.29
555149,23084,RABBIT NIGHT LIGHT,2,2011-05-31 15:49:00,4.13,Unknown,United Kingdom,8.26
536539,82486,WOOD S/3 CABINET ANT WHITE FINISH,2,2010-12-01 14:03:00,7.95,15165.0,United Kingdom,15.9
574336,23389,SPACEBOY MINI BACKPACK,4,2011-11-04 09:52:00,4.15,12397.0,Belgium,16.6
562688,20728,LUNCH BAG CARS BLUE,4,2011-08-08 13:53:00,1.65,13869.0,United Kingdom,6.6
562199,21232,STRAWBERRY CERAMIC TRINKET BOX,2,2011-08-03 12:20:00,1.25,12748.0,United Kingdom,2.5
576329,22679,FRENCH BLUE METAL DOOR SIGN 4,1,2011-11-14 15:22:00,2.46,Unknown,United Kingdom,2.46
568137,21731,RED TOADSTOOL LED NIGHT LIGHT,24,2011-09-25 10:34:00,1.65,12488.0,France,39.599999999999994
538524,22502,PICNIC BASKET WICKER SMALL,2,2010-12-13 09:35:00,8.47,Unknown,United Kingdom,16.94
579512,84536A,ENGLISH ROSE NOTEBOOK A7 SIZE,1,2011-11-29 16:47:00,0.83,Unknown,United Kingdom,0.83
577768,22753,SMALL YELLOW BABUSHKA NOTEBOOK ,1,2011-11-21 15:18:00,1.63,Unknown,United Kingdom,1.63
575066,23487,SWEET HEART CAKE CARRIER,1,2011-11-08 12:42:00,9.95,13668.0,United Kingdom,9.95
559807,23160,REGENCY TEA SPOON,1,2011-07-12 14:48:00,1.25,17841.0,United Kingdom,1.25
565409,21124,SET/10 BLUE POLKADOT PARTY CANDLES,24,2011-09-04 11:15:00,1.25,16761.0,United Kingdom,30.0
541592,85129D,BEADED CRYSTAL HEART PINK SMALL,2,2011-01-19 15:08:00,2.46,Unknown,United Kingdom,4.92
575219,21509,COWBOYS AND INDIANS BIRTHDAY CARD ,72,2011-11-09 11:17:00,0.36,17511.0,United Kingdom,25.919999999999998
548470,22139,RETROSPOT TEA SET CERAMIC 11 PC ,12,2011-03-31 12:36:00,4.95,12782.0,Portugal,59.400000000000006
569326,22634,CHILDS BREAKFAST SET SPACEBOY ,8,2011-10-03 12:47:00,8.5,14360.0,United Kingdom,68.0
547042,21216,"SET 3 RETROSPOT TEA,COFFEE,SUGAR",1,2011-03-20 11:00:00,10.79,Unknown,United Kingdom,10.79
570465,22551,PLASTERS IN TIN SPACEBOY,1,2011-10-10 16:02:00,3.29,Unknown,United Kingdom,3.29
569246,84988,SET OF 72 PINK HEART PAPER DOILIES,1,2011-10-03 09:57:00,2.92,14096.0,United Kingdom,2.92
550130,90185C,BLACK DIAMANTE EXPANDABLE RING,6,2011-04-14 13:17:00,4.25,14390.0,United Kingdom,25.5
554507,21206,STRAWBERRY HONEYCOMB  GARLAND ,12,2011-05-24 15:29:00,1.65,15513.0,United Kingdom,19.799999999999997
572703,22055,MINI CAKE STAND  HANGING STRAWBERY,1,2011-10-25 14:35:00,1.65,16110.0,United Kingdom,1.65
549844,21899,"KEY FOB , GARAGE DESIGN",7,2011-04-12 14:17:00,0.65,12854.0,United Kingdom,4.55
C562952,23244,ROUND STORAGE TIN VINTAGE LEAF,2,2011-08-11 10:10:00,1.95,12749.0,United Kingdom,3.9
550123,22029,SPACEBOY BIRTHDAY CARD,12,2011-04-14 12:39:00,0.42,Unknown,United Kingdom,5.04
560366,72807A,SET/3 ROSE CANDLE IN JEWELLED BOX,4,2011-07-18 12:19:00,4.25,16859.0,United Kingdom,17.0
537395,21175,GIN + TONIC DIET METAL SIGN,2,2010-12-06 14:05:00,2.1,15356.0,United Kingdom,4.2
541265,85099C,JUMBO  BAG BAROQUE BLACK WHITE,2,2011-01-16 16:23:00,1.95,17609.0,United Kingdom,3.9
566276,22705,WRAP GREEN PEARS ,25,2011-09-11 14:00:00,0.42,13450.0,United Kingdom,10.5
558111,23091,ZINC HERB GARDEN CONTAINER,1,2011-06-26 16:06:00,6.25,17114.0,United Kingdom,6.25
573137,23198,PANTRY MAGNETIC  SHOPPING LIST,1,2011-10-27 17:15:00,3.29,Unknown,United Kingdom,3.29
578953,20752,BLUE POLKADOT WASHING UP GLOVES,2,2011-11-27 14:50:00,2.1,13546.0,United Kingdom,4.2
538999,22423,REGENCY CAKESTAND 3 TIER,16,2010-12-15 12:09:00,10.95,16003.0,United Kingdom,175.2
572185,22382,LUNCH BAG SPACEBOY DESIGN ,1,2011-10-21 10:52:00,4.96,Unknown,United Kingdom,4.96
566874,22355,CHARLOTTE BAG SUKI DESIGN,2,2011-09-15 13:32:00,0.85,Unknown,United Kingdom,1.7
574721,23512,EMBROIDERED RIBBON REEL ROSIE,1,2011-11-06 14:43:00,2.08,17920.0,United Kingdom,2.08
569372,22595,GINGHAM HEART DECORATION,1,2011-10-03 16:04:00,1.63,Unknown,United Kingdom,1.63
555106,22539,MINI JIGSAW DOLLY GIRL,24,2011-05-31 14:14:00,0.42,12790.0,Netherlands,10.08
566451,22896,PEG BAG APPLES DESIGN,3,2011-09-12 16:14:00,2.55,18069.0,United Kingdom,7.6499999999999995
570223,23209,LUNCH BAG VINTAGE DOILY ,2,2011-10-09 13:11:00,1.65,15787.0,United Kingdom,3.3
571065,21213,PACK OF 72 SKULL CAKE CASES,24,2011-10-13 14:59:00,0.55,12613.0,Germany,13.200000000000001
552338,22845,VINTAGE CREAM CAT FOOD CONTAINER,2,2011-05-09 11:51:00,6.35,Unknown,United Kingdom,12.7
578344,23199,JUMBO BAG APPLES,2,2011-11-24 09:21:00,4.13,Unknown,United Kingdom,8.26
554075,21789,KIDS RAIN MAC PINK,24,2011-05-22 11:29:00,0.85,16038.0,United Kingdom,20.4
565397,22937,BAKING MOULD CHOCOLATE CUPCAKES,1,2011-09-02 16:43:00,2.55,14171.0,United Kingdom,2.55
547881,21993,FLORAL FOLK STATIONERY SET,1,2011-03-27 16:08:00,2.95,13110.0,United Kingdom,2.95
548714,22429,ENAMEL MEASURING JUG CREAM,1,2011-04-03 15:07:00,4.25,17337.0,United Kingdom,4.25
561217,22829,SWEETHEART WIRE WALL TIDY,1,2011-07-25 17:09:00,20.79,Unknown,United Kingdom,20.79
572061,21989,PACK OF 20 SKULL PAPER NAPKINS,12,2011-10-20 12:53:00,0.85,12474.0,Germany,10.2
571441,21917,SET 12 KIDS  WHITE CHALK STICKS,1,2011-10-17 13:31:00,0.83,14096.0,United Kingdom,0.83
541596,21976,PACK OF 60 MUSHROOM CAKE CASES,1,2011-01-19 16:19:00,0.55,17602.0,United Kingdom,0.55
577078,22659,LUNCH BOX I LOVE LONDON,2,2011-11-17 15:17:00,4.13,Unknown,United Kingdom,8.26
580399,48111,DOORMAT 3 SMILEY CATS,1,2011-12-04 11:45:00,8.25,13471.0,United Kingdom,8.25
545085,21390,FILIGRIS HEART WITH BUTTERFLY,24,2011-02-28 11:19:00,1.25,15039.0,United Kingdom,30.0
579187,22960,JAM MAKING SET WITH JARS,2,2011-11-28 15:31:00,8.29,Unknown,United Kingdom,16.58
571937,21636,MADRAS NOTEBOOK MEDIUM,12,2011-10-20 09:28:00,0.75,14911.0,EIRE,9.0
539631,21918,SET 12 KIDS COLOUR  CHALK STICKS,1,2010-12-20 15:03:00,0.85,Unknown,United Kingdom,0.85
C570775,POST,POSTAGE,1,2011-10-12 11:45:00,18.0,12664.0,Finland,18.0
546892,21169,YOU'RE CONFUSING ME METAL SIGN ,1,2011-03-17 18:20:00,4.13,Unknown,United Kingdom,4.13
540163,16161P,WRAP ENGLISH ROSE ,25,2011-01-05 11:52:00,0.42,13089.0,United Kingdom,10.5
C550181,21239,PINK  POLKADOT CUP,20,2011-04-14 17:43:00,0.85,13069.0,United Kingdom,17.0
570292,23533,WALL ART GARDEN HAVEN ,3,2011-10-10 11:59:00,5.95,13418.0,United Kingdom,17.85
559338,23176,ABC TREASURE BOOK BOX ,2,2011-07-07 16:30:00,4.58,Unknown,United Kingdom,9.16
551868,23231,WRAP DOILEY DESIGN,25,2011-05-04 16:29:00,0.42,12540.0,Spain,10.5
552852,22979,PANTRY WASHING UP BRUSH,6,2011-05-11 15:08:00,1.45,16712.0,United Kingdom,8.7
549293,21463,MIRRORED DISCO BALL ,1,2011-04-07 19:16:00,5.95,17883.0,United Kingdom,5.95
543197,22929,SCHOOL DESK AND CHAIR ,1,2011-02-04 12:36:00,65.0,12842.0,United Kingdom,65.0
580115,22701,PINK DOG BOWL,3,2011-12-01 16:22:00,2.46,Unknown,United Kingdom,7.38
569700,21232,STRAWBERRY CERAMIC TRINKET BOX,1,2011-10-05 15:56:00,2.46,Unknown,United Kingdom,2.46
544074,22773,GREEN DRAWER KNOB ACRYLIC EDWARDIAN,12,2011-02-15 14:49:00,1.25,14156.0,EIRE,15.0
573585,22355,CHARLOTTE BAG SUKI DESIGN,16,2011-10-31 14:41:00,0.85,Unknown,United Kingdom,13.6
555573,22031,BOTANICAL LAVENDER BIRTHDAY CARD,12,2011-06-05 15:46:00,0.42,15349.0,United Kingdom,5.04
563430,21710,FOLDING UMBRELLA PINKWHITE POLKADOT,8,2011-08-16 11:50:00,4.95,14918.0,United Kingdom,39.6
537638,21982,PACK OF 12 SUKI TISSUES ,6,2010-12-07 15:28:00,0.85,Unknown,United Kingdom,5.1
562542,22031,BOTANICAL LAVENDER BIRTHDAY CARD,12,2011-08-05 15:40:00,0.42,17377.0,United Kingdom,5.04
574962,22161,HEART DECORATION RUSTIC HANGING ,24,2011-11-08 10:26:00,0.19,15194.0,United Kingdom,4.5600000000000005
545575,22061,LARGE CAKE STAND  HANGING STRAWBERY,6,2011-03-03 18:28:00,9.95,13014.0,United Kingdom,59.699999999999996
571747,20972,PINK CREAM FELT CRAFT TRINKET BOX ,12,2011-10-19 10:59:00,1.25,13849.0,United Kingdom,15.0
570197,44092C,PURPLE/COPPER HANGING LAMPSHADE,1,2011-10-07 15:45:00,0.85,13755.0,United Kingdom,0.85
567462,21888,BINGO SET,1,2011-09-20 12:35:00,3.75,14446.0,United Kingdom,3.75
560863,75049L,LARGE CIRCULAR MIRROR MOBILE,2,2011-07-21 13:53:00,1.25,12748.0,United Kingdom,2.5
543631,22893,MINI CAKE STAND T-LIGHT HOLDER,12,2011-02-10 16:17:00,0.42,14081.0,United Kingdom,5.04
575298,23203,JUMBO BAG VINTAGE DOILY ,5,2011-11-09 12:29:00,2.08,17841.0,United Kingdom,10.4
552829,23067,HANGING ENGRAVED METAL HEART,4,2011-05-11 13:42:00,4.15,12748.0,United Kingdom,16.6
576087,20724,RED RETROSPOT CHARLOTTE BAG,10,2011-11-14 08:31:00,0.85,12689.0,France,8.5
580208,46000M,POLYESTER FILLER PAD 45x45cm,4,2011-12-02 12:07:00,1.55,13468.0,United Kingdom,6.2
544161,20728,LUNCH BAG CARS BLUE,10,2011-02-16 12:59:00,1.65,16875.0,United Kingdom,16.5
C569034,22489,PACK OF 12 TRADITIONAL CRAYONS,1,2011-09-30 10:42:00,0.42,16240.0,United Kingdom,0.42
564848,23033,DRAWER KNOB CERAMIC RED,6,2011-08-30 15:37:00,1.45,16928.0,United Kingdom,8.7
538071,21912,VINTAGE SNAKES & LADDERS,2,2010-12-09 14:09:00,7.62,Unknown,United Kingdom,15.24
555344,22757,LARGE RED BABUSHKA NOTEBOOK ,1,2011-06-02 11:45:00,1.25,15311.0,United Kingdom,1.25
578344,22219,LOVEBIRD HANGING DECORATION WHITE ,1,2011-11-24 09:21:00,1.63,Unknown,United Kingdom,1.63
570086,22619,SET OF 6 SOLDIER SKITTLES,8,2011-10-07 11:22:00,3.75,17086.0,United Kingdom,30.0
539436,20966,SANDWICH BATH SPONGE,2,2010-12-17 14:49:00,2.51,Unknown,United Kingdom,5.02
552318,84692,BOX OF 24 COCKTAIL PARASOLS,4,2011-05-08 16:13:00,0.42,17231.0,United Kingdom,1.68
543737,22366,DOORMAT AIRMAIL ,8,2011-02-11 12:45:00,7.95,12477.0,Germany,63.6
C570867,23293,SET OF 12 FAIRY CAKE BAKING CASES,8,2011-10-12 16:17:00,0.83,12607.0,USA,6.64
545430,82494L,WOODEN FRAME ANTIQUE WHITE ,12,2011-03-02 14:50:00,2.95,15636.0,United Kingdom,35.400000000000006
550955,21914,BLUE HARMONICA IN BOX ,12,2011-04-21 16:26:00,1.25,14189.0,United Kingdom,15.0
545901,22291,HANGING CHICK CREAM DECORATION,2,2011-03-07 17:52:00,1.45,15834.0,United Kingdom,2.9
559491,22135,MINI LADLE LOVE HEART PINK,1,2011-07-08 13:53:00,0.83,Unknown,United Kingdom,0.83
580065,23355,HOT WATER BOTTLE KEEP CALM,4,2011-12-01 13:33:00,4.95,15434.0,United Kingdom,19.8
539300,22966,GINGERBREAD MAN COOKIE CUTTER,1,2010-12-16 17:31:00,1.25,Unknown,United Kingdom,1.25
551271,84692,BOX OF 24 COCKTAIL PARASOLS,25,2011-04-27 12:39:00,0.42,17187.0,United Kingdom,10.5
542944,84755,COLOUR GLASS T-LIGHT HOLDER HANGING,32,2011-02-02 11:14:00,0.65,17560.0,United Kingdom,20.8
547651,22432,WATERING CAN PINK BUNNY,3,2011-03-24 12:11:00,1.95,16904.0,United Kingdom,5.85
540566,22813,PACK 3 BOXES BIRD PANNETONE ,2,2011-01-10 10:58:00,1.95,17811.0,United Kingdom,3.9
547070,22261,FELT EGG COSY WHITE RABBIT ,1,2011-03-20 13:58:00,0.85,16115.0,United Kingdom,0.85
566082,23119,PACK OF 6 LARGE FRUIT STRAWS ,12,2011-09-09 10:09:00,0.62,16293.0,United Kingdom,7.4399999999999995
561873,22147,FELTCRAFT BUTTERFLY HEARTS,40,2011-07-31 11:48:00,1.25,13316.0,United Kingdom,50.0
562517,21990,MODERN FLORAL STATIONERY SET,2,2011-08-05 12:27:00,1.25,15719.0,United Kingdom,2.5
540839,72802A,ROSE SCENT CANDLE IN JEWELLED BOX,1,2011-01-11 15:42:00,4.25,16791.0,United Kingdom,4.25
560048,21985,PACK OF 12 HEARTS DESIGN TISSUES ,24,2011-07-14 15:02:00,0.29,13515.0,United Kingdom,6.959999999999999
C560880,22666,RECIPE BOX PANTRY YELLOW DESIGN,3,2011-07-21 15:39:00,2.95,15152.0,United Kingdom,8.850000000000001
581133,21933,PINK VINTAGE PAISLEY PICNIC BAG,10,2011-12-07 12:55:00,1.65,14904.0,United Kingdom,16.5
576837,84661B,BLACK SQUARE TABLE CLOCK,1,2011-11-16 15:16:00,4.96,Unknown,United Kingdom,4.96
553734,23109,LED TEA LIGHTS,6,2011-05-19 08:31:00,2.89,14735.0,United Kingdom,17.34
560090,22558,CLOTHES PEGS RETROSPOT PACK 24 ,1,2011-07-14 16:46:00,3.29,Unknown,United Kingdom,3.29
579167,22914,BLUE COAT RACK PARIS FASHION,2,2011-11-28 14:06:00,4.95,16800.0,United Kingdom,9.9
544928,47559B,TEA TIME OVEN GLOVE,3,2011-02-24 18:07:00,2.46,Unknown,United Kingdom,7.38
581492,21808,"CHRISTMAS GARLAND STARS,TREES",3,2011-12-09 10:03:00,3.29,Unknown,United Kingdom,9.870000000000001
560491,23236,DOILEY STORAGE TIN,1,2011-07-19 10:51:00,2.89,12415.0,Australia,2.89
564901,22231,JIGSAW TREE WITH BIRDHOUSE,12,2011-08-31 11:40:00,0.59,15690.0,United Kingdom,7.08
545183,21922,UNION STRIPE WITH FRINGE  HAMMOCK,2,2011-02-28 14:59:00,7.95,15570.0,United Kingdom,15.9
571441,22559,SEASIDE FLYING DISC,2,2011-10-17 13:31:00,2.46,14096.0,United Kingdom,4.92
543467,21790,VINTAGE SNAP CARDS,2,2011-02-08 14:35:00,1.63,Unknown,United Kingdom,3.26
576910,15044A,PINK PAPER PARASOL ,6,2011-11-17 09:51:00,2.95,12477.0,Germany,17.700000000000003
575851,23350,ROLL WRAP VINTAGE SPOT ,1,2011-11-11 12:13:00,1.25,14662.0,United Kingdom,1.25
578681,22469,HEART OF WICKER SMALL,12,2011-11-25 08:41:00,1.65,13579.0,United Kingdom,19.799999999999997
556529,21039,RED RETROSPOT SHOPPING BAG,6,2011-06-13 11:41:00,2.55,12714.0,France,15.299999999999999
541670,22666,RECIPE BOX PANTRY YELLOW DESIGN,48,2011-01-20 12:34:00,2.55,14911.0,EIRE,122.39999999999999
560368,21916,SET 12 RETRO WHITE CHALK STICKS,1,2011-07-18 12:25:00,0.42,17841.0,United Kingdom,0.42
559254,23029,DRAWER KNOB CRACKLE GLAZE GREEN,12,2011-07-07 11:56:00,1.65,16814.0,United Kingdom,19.799999999999997
539722,22654,DELUXE SEWING KIT ,3,2010-12-21 13:45:00,5.95,14911.0,EIRE,17.85
539434,22545,MINI JIGSAW BUNNIES,1,2010-12-17 14:41:00,0.85,Unknown,United Kingdom,0.85
569815,85099B,JUMBO BAG RED RETROSPOT,1000,2011-10-06 11:53:00,1.79,15838.0,United Kingdom,1790.0
576099,21212,PACK OF 72 RETROSPOT CAKE CASES,24,2011-11-14 10:28:00,0.55,13021.0,United Kingdom,13.200000000000001
568183,22579,WOODEN TREE CHRISTMAS SCANDINAVIAN,24,2011-09-25 13:47:00,0.29,13991.0,United Kingdom,6.959999999999999
561873,22568,FELTCRAFT CUSHION OWL,24,2011-07-31 11:48:00,3.39,13316.0,United Kingdom,81.36
572465,22768,FAMILY PHOTO FRAME CORNICE,2,2011-10-24 13:26:00,9.95,14474.0,United Kingdom,19.9
579508,22030,SWALLOWS GREETING CARD,1,2011-11-29 16:33:00,0.83,Unknown,United Kingdom,0.83
563557,22488,NATURAL SLATE RECTANGLE CHALKBOARD,12,2011-08-17 13:33:00,1.65,15786.0,United Kingdom,19.799999999999997
564565,21975,PACK OF 60 DINOSAUR CAKE CASES,24,2011-08-26 10:50:00,0.55,14911.0,EIRE,13.200000000000001
578074,23333,IVORY WICKER HEART MEDIUM,3,2011-11-22 16:06:00,1.25,17590.0,United Kingdom,3.75
581412,23153,ZINC SWEETHEART WIRE LETTER RACK,2,2011-12-08 14:38:00,3.75,14415.0,United Kingdom,7.5
573122,22187,GREEN CHRISTMAS TREE CARD HOLDER,2,2011-10-27 16:23:00,1.95,14357.0,United Kingdom,3.9
557619,22624,IVORY KITCHEN SCALES,1,2011-06-21 13:58:00,8.5,17757.0,United Kingdom,8.5
539196,72741,GRAND CHOCOLATECANDLE,9,2010-12-16 12:09:00,1.45,18055.0,United Kingdom,13.049999999999999
556489,21390,FILIGRIS HEART WITH BUTTERFLY,3,2011-06-12 13:59:00,1.25,14704.0,United Kingdom,3.75
536522,84997D,PINK 3 PIECE POLKADOT CUTLERY SET,1,2010-12-01 12:49:00,3.75,15012.0,United Kingdom,3.75
556809,84997D,CHILDRENS CUTLERY POLKADOT PINK,10,2011-06-14 16:48:00,4.15,17179.0,United Kingdom,41.5
545411,22759,SET OF 3 NOTEBOOKS IN PARCEL,12,2011-03-02 12:21:00,1.65,16128.0,United Kingdom,19.799999999999997
580364,23569,TRADTIONAL ALPHABET STAMP SET,4,2011-12-02 16:34:00,4.95,13309.0,United Kingdom,19.8
572484,22900,SET 2 TEA TOWELS I LOVE LONDON ,3,2011-10-24 13:50:00,3.25,17220.0,United Kingdom,9.75
539436,84884A,ANT WHITE WIRE HEART SPIRAL,1,2010-12-17 14:49:00,8.47,Unknown,United Kingdom,8.47
556432,22178,VICTORIAN GLASS HANGING T-LIGHT,24,2011-06-10 13:59:00,1.25,16184.0,United Kingdom,30.0
558475,37340,MULTICOLOUR SPRING FLOWER MUG,48,2011-06-29 15:58:00,0.69,Unknown,United Kingdom,33.12
577774,22499,WOODEN UNION JACK BUNTING,3,2011-11-21 15:57:00,5.95,16712.0,United Kingdom,17.85
540352,21616,4 PEAR BOTANICAL DINNER CANDLES,1,2011-01-06 14:27:00,2.51,Unknown,United Kingdom,2.51
538094,17084N,FAIRY DREAMS INCENSE ,25,2010-12-09 14:50:00,0.21,13117.0,United Kingdom,5.25
556042,23133,LARGE IVORY HEART WALL ORGANISER,2,2011-06-08 12:44:00,8.25,14367.0,United Kingdom,16.5
563808,21156,RETROSPOT CHILDRENS APRON,8,2011-08-19 11:46:00,1.95,12626.0,Germany,15.6
568202,22748,POPPY'S PLAYHOUSE KITCHEN,6,2011-09-25 15:01:00,2.1,15366.0,United Kingdom,12.600000000000001
540977,85032A,ROMANTIC IMAGES GIFT WRAP SET,1,2011-01-12 15:01:00,4.21,Unknown,United Kingdom,4.21
566005,22412,METAL SIGN NEIGHBOURHOOD WITCH ,4,2011-09-08 11:56:00,2.1,16426.0,United Kingdom,8.4
566451,23215,JINGLE BELL HEART ANTIQUE SILVER,4,2011-09-12 16:14:00,2.08,18069.0,United Kingdom,8.32
572758,23439,HAND WARMER RED LOVE HEART,1,2011-10-25 18:39:00,4.13,Unknown,United Kingdom,4.13
581096,23203,JUMBO BAG VINTAGE DOILY ,10,2011-12-07 11:36:00,2.08,17412.0,United Kingdom,20.8
550137,21257,VICTORIAN SEWING BOX MEDIUM,2,2011-04-14 13:59:00,7.95,12477.0,Germany,15.9
577121,21559,STRAWBERRY LUNCH BOX WITH CUTLERY,6,2011-11-17 18:29:00,2.55,12681.0,France,15.299999999999999
569220,23301,GARDENERS KNEELING PAD KEEP CALM ,3,2011-10-02 13:26:00,1.65,16007.0,United Kingdom,4.949999999999999
562014,21155,RED RETROSPOT PEG BAG,6,2011-08-01 14:05:00,2.55,14341.0,United Kingdom,15.299999999999999
555573,22469,HEART OF WICKER SMALL,3,2011-06-05 15:46:00,1.65,15349.0,United Kingdom,4.949999999999999
545503,20726,LUNCH BAG WOODLAND,2,2011-03-03 11:34:00,1.65,15719.0,United Kingdom,3.3
558066,85173,SET/6 FROG PRINCE T-LIGHT CANDLES,1,2011-06-24 15:45:00,4.96,Unknown,United Kingdom,4.96
553042,22570,FELTCRAFT CUSHION RABBIT,8,2011-05-13 09:01:00,3.75,15845.0,United Kingdom,30.0
547485,21976,PACK OF 60 MUSHROOM CAKE CASES,3,2011-03-23 11:16:00,0.55,17019.0,United Kingdom,1.6500000000000001
544206,22893,MINI CAKE STAND T-LIGHT HOLDER,5,2011-02-17 10:33:00,0.83,Unknown,United Kingdom,4.1499999999999995
538154,21189,WHITE HONEYCOMB PAPER GARLAND ,3,2010-12-09 16:35:00,3.36,Unknown,United Kingdom,10.08
538995,82551,LAUNDRY 15C METAL SIGN,12,2010-12-15 12:05:00,1.45,13458.0,United Kingdom,17.4
580288,23494,VINTAGE DOILY DELUXE SEWING KIT ,3,2011-12-02 13:29:00,5.95,17611.0,United Kingdom,17.85
554998,82482,WOODEN PICTURE FRAME WHITE FINISH,6,2011-05-29 15:35:00,2.55,15925.0,United Kingdom,15.299999999999999
555923,22326,ROUND SNACK BOXES SET OF4 WOODLAND ,1,2011-06-07 17:09:00,5.79,Unknown,United Kingdom,5.79
C579934,21422,PORCELAIN ROSE SMALL,2,2011-12-01 09:44:00,0.85,14860.0,United Kingdom,1.7
550542,22156,HEART DECORATION WITH PEARLS ,4,2011-04-19 11:37:00,1.63,Unknown,United Kingdom,6.52
565410,22835,HOT WATER BOTTLE I AM SO POORLY,4,2011-09-04 11:17:00,4.65,14691.0,United Kingdom,18.6
572244,22138,BAKING SET 9 PIECE RETROSPOT ,12,2011-10-21 15:54:00,4.95,14233.0,United Kingdom,59.400000000000006
538841,22197,SMALL POPCORN HOLDER,20,2010-12-14 13:11:00,0.85,16899.0,United Kingdom,17.0
577768,23314,VINTAGE CHRISTMAS TABLECLOTH,1,2011-11-21 15:18:00,24.96,Unknown,United Kingdom,24.96
553063,22646,CERAMIC STRAWBERRY CAKE MONEY BANK,12,2011-05-13 11:38:00,1.45,13018.0,United Kingdom,17.4
571716,22946,WOODEN ADVENT CALENDAR CREAM,1,2011-10-18 17:05:00,16.63,Unknown,United Kingdom,16.63
575591,23396,LE JARDIN BOTANIQUE CUSHION COVER,1,2011-11-10 12:09:00,3.75,17791.0,United Kingdom,3.75
571265,22478,BIRDHOUSE GARDEN MARKER ,1,2011-10-16 11:31:00,1.25,16674.0,United Kingdom,1.25
564373,22627,MINT KITCHEN SCALES,6,2011-08-25 09:56:00,8.5,15290.0,United Kingdom,51.0
543544,22436,12 COLOURED PARTY BALLOONS,1,2011-02-09 15:39:00,0.65,Unknown,United Kingdom,0.65
543985,85049G,CHOCOLATE BOX RIBBONS ,1,2011-02-15 09:44:00,2.46,Unknown,United Kingdom,2.46
540418,82613D,METAL SIGN CUPCAKE SINGLE HOOK,7,2011-01-07 11:04:00,0.85,Unknown,United Kingdom,5.95
577773,23245,SET OF 3 REGENCY CAKE TINS,4,2011-11-21 15:57:00,4.95,16712.0,United Kingdom,19.8
556090,75049L,LARGE CIRCULAR MIRROR MOBILE,2,2011-06-08 15:25:00,2.46,Unknown,United Kingdom,4.92
568894,22139,RETROSPOT TEA SET CERAMIC 11 PC ,6,2011-09-29 13:04:00,4.95,17528.0,United Kingdom,29.700000000000003
572034,23382,BOX OF 6 CHRISTMAS CAKE DECORATIONS,4,2011-10-20 12:00:00,3.75,14447.0,United Kingdom,15.0
537434,21595,Dad's Cab Electronic Meter,1,2010-12-06 16:57:00,8.47,Unknown,United Kingdom,8.47
547337,85025C,barcode problem,230,2011-03-22 11:47:00,0.0,Unknown,United Kingdom,0.0
577078,23551,PACK OF 12 PAISLEY PARK TISSUES ,1,2011-11-17 15:17:00,0.83,Unknown,United Kingdom,0.83
570177,22082,RIBBON REEL STRIPES DESIGN ,10,2011-10-07 14:17:00,1.65,17509.0,United Kingdom,16.5
545021,85170C,SET/6 EAU DE NIL BIRD T-LIGHTS,6,2011-02-25 14:11:00,2.1,17663.0,United Kingdom,12.600000000000001
579146,22111,SCOTTIE DOG HOT WATER BOTTLE,1,2011-11-28 13:14:00,4.95,16347.0,United Kingdom,4.95
556116,21262,WHITE GOOSE FEATHER CHRISTMAS TREE ,6,2011-06-09 09:44:00,2.95,15214.0,United Kingdom,17.700000000000003
537222,22375,AIRLINE BAG VINTAGE JET SET BROWN,1,2010-12-05 16:00:00,4.25,14404.0,United Kingdom,4.25
578155,20726,LUNCH BAG WOODLAND,1,2011-11-23 11:32:00,1.65,12748.0,United Kingdom,1.65
553165,90035C,"PEARL & SHELL 42""NECKL. IVORY",2,2011-05-13 16:12:00,10.75,13623.0,United Kingdom,21.5
580691,90214C,"LETTER ""C"" BLING KEY RING",12,2011-12-05 15:48:00,0.29,13790.0,United Kingdom,3.4799999999999995
578074,23263,SET OF 3 WOODEN HEART DECORATIONS,2,2011-11-22 16:06:00,1.25,17590.0,United Kingdom,2.5
562916,84803B,WHITE ALLIUM  ARTIFICIAL FLOWER,2,2011-08-10 13:41:00,1.69,Unknown,United Kingdom,3.38
552724,22728,ALARM CLOCK BAKELIKE PINK,4,2011-05-11 10:29:00,3.75,13418.0,United Kingdom,15.0
581403,21930,JUMBO STORAGE BAG SKULLS,10,2011-12-08 13:46:00,2.08,13510.0,United Kingdom,20.8
575983,90094,NECKLACE+BRACELET SET FRUIT SALAD ,1,2011-11-13 13:45:00,2.55,13379.0,United Kingdom,2.55
581400,22844,VINTAGE CREAM DOG FOOD CONTAINER,3,2011-12-08 13:36:00,8.5,14056.0,United Kingdom,25.5
546554,35915B,BLUE KNITTED HEN ,6,2011-03-15 09:13:00,1.65,16037.0,United Kingdom,9.899999999999999
579430,23503,PLAYING CARDS KEEP CALM & CARRY ON,2,2011-11-29 13:06:00,1.25,12748.0,United Kingdom,2.5
541684,22151,PLACE SETTING WHITE HEART,25,2011-01-20 15:22:00,0.42,15498.0,United Kingdom,10.5
573149,84625A,PINK NEW BAROQUECANDLESTICK CANDLE,2,2011-10-27 19:56:00,0.85,16438.0,United Kingdom,1.7
581217,21934,SKULL SHOULDER BAG,14,2011-12-08 09:20:00,1.63,Unknown,United Kingdom,22.82
563018,16169E,WRAP 50'S  CHRISTMAS,25,2011-08-11 12:53:00,0.42,13427.0,United Kingdom,10.5
574873,22111,SCOTTIE DOG HOT WATER BOTTLE,5,2011-11-07 13:01:00,4.95,16362.0,United Kingdom,24.75
538678,21928,JUMBO BAG SCANDINAVIAN PAISLEY,1,2010-12-13 16:46:00,1.95,Unknown,United Kingdom,1.95
C559347,22771,CLEAR DRAWER KNOB ACRYLIC EDWARDIAN,12,2011-07-07 17:22:00,1.25,18072.0,United Kingdom,15.0
581237,23507,MINI PLAYING CARDS BUFFALO BILL ,1,2011-12-08 10:40:00,0.42,15443.0,United Kingdom,0.42
560080,82583,HOT BATHS METAL SIGN,96,2011-07-14 16:23:00,2.39,17450.0,United Kingdom,229.44
573362,22726,ALARM CLOCK BAKELIKE GREEN,4,2011-10-30 13:06:00,3.75,12597.0,Spain,15.0
571824,23493,VINTAGE DOILY TRAVEL SEWING KIT,10,2011-10-19 11:49:00,1.95,12472.0,Germany,19.5
569488,23461,SWEETHEART BIRD HOUSE,3,2011-10-04 13:10:00,4.15,16440.0,United Kingdom,12.450000000000001
550835,22630,DOLLY GIRL LUNCH BOX,1,2011-04-21 10:52:00,1.95,15034.0,United Kingdom,1.95
538783,22565,FELTCRAFT HAIRBANDS PINK AND WHITE ,12,2010-12-14 11:38:00,0.85,14961.0,United Kingdom,10.2
550499,85123A,WHITE HANGING HEART T-LIGHT HOLDER,1,2011-04-18 15:16:00,5.79,Unknown,United Kingdom,5.79
561314,22291,HANGING CHICK CREAM DECORATION,12,2011-07-26 12:36:00,1.45,16266.0,United Kingdom,17.4
577228,21733,RED HANGING HEART T-LIGHT HOLDER,6,2011-11-18 12:07:00,2.95,12391.0,Cyprus,17.700000000000003
551603,82600,NO SINGING METAL SIGN,4,2011-05-03 11:34:00,2.1,16745.0,United Kingdom,8.4
568539,22934,BAKING MOULD EASTER EGG WHITE CHOC,6,2011-09-27 14:07:00,2.95,13016.0,United Kingdom,17.700000000000003
572758,23241,TREASURE TIN GYMKHANA DESIGN,1,2011-10-25 18:39:00,4.13,Unknown,United Kingdom,4.13
551953,22671,FRENCH LAUNDRY SIGN BLUE METAL,12,2011-05-05 11:53:00,1.65,13448.0,United Kingdom,19.799999999999997
542662,22960,JAM MAKING SET WITH JARS,6,2011-01-31 12:10:00,4.25,18145.0,United Kingdom,25.5
542401,21329,DINOSAURS  WRITING SET ,1,2011-01-27 15:51:00,1.65,14541.0,United Kingdom,1.65
562106,21786,POLKADOT RAIN HAT ,1,2011-08-02 15:19:00,0.42,14076.0,United Kingdom,0.42
544659,84819,DANISH ROSE ROUND SEWING BOX,1,2011-02-22 13:20:00,4.25,18114.0,United Kingdom,4.25
569898,85150,LADIES & GENTLEMEN METAL SIGN,1,2011-10-06 16:08:00,4.96,Unknown,United Kingdom,4.96
570652,22733,3D TRADITIONAL CHRISTMAS STICKERS,36,2011-10-11 13:45:00,1.25,17863.0,United Kingdom,45.0
581498,84375,SET OF 20 KIDS COOKIE CUTTERS,3,2011-12-09 10:26:00,4.13,Unknown,United Kingdom,12.39
559807,21980,PACK OF 12 RED RETROSPOT TISSUES ,12,2011-07-12 14:48:00,0.29,17841.0,United Kingdom,3.4799999999999995
543054,21080,SET/20 RED RETROSPOT PAPER NAPKINS ,12,2011-02-03 10:39:00,0.85,13394.0,United Kingdom,10.2
578344,84569D,PACK 6 HEART/ICE-CREAM PATCHES,2,2011-11-24 09:21:00,2.46,Unknown,United Kingdom,4.92
543251,22698,PINK REGENCY TEACUP AND SAUCER,6,2011-02-04 14:51:00,2.95,14194.0,United Kingdom,17.700000000000003
540396,15056N,EDWARDIAN PARASOL NATURAL,6,2011-01-06 18:33:00,5.95,14031.0,United Kingdom,35.7
576189,20981,12 PENCILS TALL TUBE WOODLAND,1,2011-11-14 11:33:00,0.85,14684.0,United Kingdom,0.85
579885,23093,SMALL PARISIENNE HEART PHOTO FRAME ,2,2011-11-30 17:37:00,2.49,15444.0,United Kingdom,4.98
581175,23172,REGENCY TEA PLATE PINK,48,2011-12-07 15:16:00,1.45,14646.0,Netherlands,69.6
581006,22112,CHOCOLATE HOT WATER BOTTLE,6,2011-12-07 08:45:00,4.95,14911.0,EIRE,29.700000000000003
543803,85017B,ENVELOPE 50 BLOSSOM IMAGES,2,2011-02-13 12:05:00,0.85,17126.0,United Kingdom,1.7
580367,23005,TRAVEL CARD WALLET I LOVE LONDON,5,2011-12-02 16:39:00,0.83,Unknown,United Kingdom,4.1499999999999995
566345,22705,WRAP GREEN PEARS ,25,2011-09-12 12:27:00,0.42,17685.0,United Kingdom,10.5
548361,23126,FELTCRAFT GIRL AMELIE KIT,4,2011-03-30 15:38:00,4.95,16092.0,United Kingdom,19.8
537362,21830,ASSORTED CREEPY CRAWLIES,24,2010-12-06 12:34:00,0.42,17596.0,United Kingdom,10.08
564436,23004,TRAVEL CARD WALLET PANTRY,1,2011-08-25 12:06:00,0.42,17841.0,United Kingdom,0.42
563830,21391,FRENCH LAVENDER SCENT HEART,24,2011-08-19 12:20:00,0.75,16638.0,United Kingdom,18.0
555979,22383,LUNCH BAG SUKI DESIGN ,2,2011-06-08 11:18:00,1.65,15039.0,United Kingdom,3.3
578374,21937,found,50,2011-11-24 11:21:00,0.0,Unknown,United Kingdom,0.0
542409,22262,FELT EGG COSY CHICKEN,7,2011-01-27 16:30:00,0.85,15311.0,United Kingdom,5.95
568156,84341B,SMALL PINK MAGIC CHRISTMAS TREE,36,2011-09-25 12:16:00,0.38,14367.0,United Kingdom,13.68
556813,22120,WELCOME  WOODEN BLOCK LETTERS,1,2011-06-14 17:28:00,19.96,Unknown,United Kingdom,19.96
546891,21458,2 PICTURE BOOK EGGS EASTER BUNNY,1,2011-03-17 18:18:00,2.46,Unknown,United Kingdom,2.46
548011,22662,LUNCH BAG DOLLY GIRL DESIGN,200,2011-03-29 11:14:00,1.45,14646.0,Netherlands,290.0
552643,20886,BOX OF 9 PEBBLE CANDLES,3,2011-05-10 13:24:00,1.95,16791.0,United Kingdom,5.85
560723,22694,WICKER STAR ,2,2011-07-20 13:53:00,2.1,16464.0,United Kingdom,4.2
540550,21559,STRAWBERRY LUNCH BOX WITH CUTLERY,6,2011-01-10 09:11:00,2.55,12539.0,Spain,15.299999999999999
577768,22961,JAM MAKING SET PRINTED,4,2011-11-21 15:18:00,3.29,Unknown,United Kingdom,13.16
538811,20723,STRAWBERRY CHARLOTTE BAG,10,2010-12-14 12:22:00,0.85,13178.0,United Kingdom,8.5
566019,47559B,TEA TIME OVEN GLOVE,4,2011-09-08 12:44:00,1.25,17243.0,United Kingdom,5.0
568955,21136,PAINTED METAL PEARS ASSORTED,8,2011-09-29 15:40:00,1.69,13759.0,United Kingdom,13.52
538177,21210,SET OF 72 RETROSPOT PAPER  DOILIES,1,2010-12-10 09:51:00,2.98,Unknown,United Kingdom,2.98
556792,21509,COWBOYS AND INDIANS BIRTHDAY CARD ,12,2011-06-14 13:52:00,0.42,17043.0,United Kingdom,5.04
549251,84596L,BISCUITS SMALL BOWL LIGHT BLUE,2,2011-04-07 12:16:00,0.42,14449.0,United Kingdom,0.84
566602,21394,RED POLKADOT BEAKER ,6,2011-09-13 16:05:00,1.63,Unknown,United Kingdom,9.78
574950,22893,MINI CAKE STAND T-LIGHT HOLDER,8,2011-11-08 09:29:00,0.83,Unknown,United Kingdom,6.64
537312,21870,I CAN ONLY PLEASE ONE PERSON MUG,72,2010-12-06 11:42:00,1.06,14189.0,United Kingdom,76.32000000000001
554280,22380,TOY TIDY SPACEBOY  ,5,2011-05-23 13:35:00,2.1,14817.0,United Kingdom,10.5
577217,23485,BOTANICAL GARDENS WALL CLOCK ,1,2011-11-18 11:53:00,25.0,17324.0,United Kingdom,25.0
537775,22203,MILK PAN RED RETROSPOT,4,2010-12-08 12:41:00,3.75,17722.0,United Kingdom,15.0
545302,84800S,SMALL WHITE/PINK ROSE ART FLOWER,2,2011-03-01 12:46:00,1.25,14506.0,United Kingdom,2.5
553182,21169,YOU'RE CONFUSING ME METAL SIGN ,3,2011-05-15 12:21:00,1.69,17107.0,United Kingdom,5.07
578153,23320,GIANT 50'S CHRISTMAS CRACKER,3,2011-11-23 11:22:00,2.89,12748.0,United Kingdom,8.67
564093,23270,SET OF 2 CERAMIC PAINTED HEARTS ,12,2011-08-23 10:29:00,1.45,14930.0,Channel Islands,17.4
541827,22798,ANTIQUE GLASS DRESSING TABLE POT,1,2011-01-21 17:05:00,5.79,Unknown,United Kingdom,5.79
576787,23581,JUMBO BAG PAISLEY PARK,10,2011-11-16 13:54:00,2.08,13815.0,Germany,20.8
578518,22312,OFFICE MUG WARMER POLKADOT,1,2011-11-24 13:54:00,2.95,14606.0,United Kingdom,2.95
548894,22378,WALL TIDY RETROSPOT ,2,2011-04-04 16:01:00,4.13,Unknown,United Kingdom,8.26
544467,22464,HANGING METAL HEART LANTERN,1,2011-02-20 15:51:00,1.65,14502.0,United Kingdom,1.65
549989,84988,SET OF 72 PINK HEART PAPER DOILIES,1,2011-04-13 16:58:00,1.45,13221.0,United Kingdom,1.45
541219,22471,TV DINNER TRAY AIR HOSTESS ,3,2011-01-14 14:06:00,4.13,Unknown,United Kingdom,12.39
574076,22161,HEART DECORATION RUSTIC HANGING ,4,2011-11-02 15:38:00,0.79,Unknown,United Kingdom,3.16
556115,21531,RED RETROSPOT SUGAR JAM BOWL,6,2011-06-09 09:39:00,2.55,15241.0,United Kingdom,15.299999999999999
573158,22835,HOT WATER BOTTLE I AM SO POORLY,8,2011-10-28 08:56:00,4.95,14738.0,United Kingdom,39.6
541615,22570,FELTCRAFT CUSHION RABBIT,3,2011-01-20 10:43:00,3.75,16395.0,United Kingdom,11.25
549543,22519,CHILDS GARDEN BRUSH PINK,2,2011-04-10 11:14:00,2.1,18118.0,United Kingdom,4.2
559652,21175,GIN + TONIC DIET METAL SIGN,12,2011-07-11 12:47:00,2.55,17164.0,United Kingdom,30.599999999999998
555406,84879,ASSORTED COLOUR BIRD ORNAMENT,16,2011-06-02 19:50:00,1.69,17231.0,United Kingdom,27.04
555650,22967,SET 3 SONG BIRD PAPER EGGS ASSORTED,6,2011-06-06 13:48:00,2.95,14156.0,EIRE,17.700000000000003
579470,84029G,KNITTED UNION FLAG HOT WATER BOTTLE,3,2011-11-29 15:06:00,4.25,16549.0,United Kingdom,12.75
C576919,23239,SET OF 4 KNICK KNACK TINS POPPIES,6,2011-11-17 10:44:00,4.15,15529.0,United Kingdom,24.900000000000002
570167,22465,HANGING METAL STAR LANTERN,12,2011-10-07 14:04:00,1.65,15615.0,United Kingdom,19.799999999999997
568988,22819,"BIRTHDAY CARD, RETRO SPOT",12,2011-09-29 16:38:00,0.42,12718.0,France,5.04
575690,23661,MILK MAIDS MUG ,12,2011-11-10 16:20:00,1.65,14189.0,United Kingdom,19.799999999999997
577228,22804,PINK HANGING HEART T-LIGHT HOLDER,6,2011-11-18 12:07:00,2.95,12391.0,Cyprus,17.700000000000003
544098,22432,WATERING CAN PINK BUNNY,6,2011-02-16 10:04:00,1.95,16019.0,United Kingdom,11.7
559538,22989,SET 2 PANTRY DESIGN TEA TOWELS,2,2011-07-10 12:25:00,3.25,16880.0,United Kingdom,6.5
551986,47566,PARTY BUNTING,4,2011-05-05 14:41:00,4.95,13888.0,United Kingdom,19.8
542397,22934,BAKING MOULD EASTER EGG WHITE CHOC,48,2011-01-27 15:22:00,2.55,13328.0,United Kingdom,122.39999999999999
569521,21327,SKULLS WRITING SET ,2,2011-10-04 14:33:00,1.65,16474.0,United Kingdom,3.3
575477,22943,CHRISTMAS LIGHTS 10 VINTAGE BAUBLES,1,2011-11-09 16:14:00,10.79,Unknown,United Kingdom,10.79
548197,22281,EASTER TREE YELLOW BIRDS,2,2011-03-29 15:53:00,5.95,13588.0,United Kingdom,11.9
547580,21756,BATH BUILDING BLOCK WORD,3,2011-03-24 10:48:00,5.95,13488.0,United Kingdom,17.85
546984,20725,LUNCH BAG RED RETROSPOT,1,2011-03-18 12:35:00,1.65,15019.0,United Kingdom,1.65
578072,23113,PANTRY CHOPPING BOARD,1,2011-11-22 16:02:00,4.95,17759.0,United Kingdom,4.95
575740,22579,WOODEN TREE CHRISTMAS SCANDINAVIAN,24,2011-11-11 09:25:00,0.29,18130.0,United Kingdom,6.959999999999999
558233,23049,RECYCLED ACAPULCO MAT RED,2,2011-06-27 14:36:00,8.25,18073.0,United Kingdom,16.5
552229,DOT,DOTCOM POSTAGE,1,2011-05-06 15:40:00,21.74,Unknown,United Kingdom,21.74
556916,22646,CERAMIC STRAWBERRY CAKE MONEY BANK,4,2011-06-15 13:35:00,1.45,16898.0,United Kingdom,5.8
566195,16014,SMALL CHINESE STYLE SCISSOR,20,2011-09-09 13:44:00,0.42,12433.0,Norway,8.4
575610,23206,LUNCH BAG APPLE DESIGN,10,2011-11-10 12:45:00,1.65,16628.0,United Kingdom,16.5
567890,23381,PACK OF 12 VINTAGE LEAF TISSUES ,24,2011-09-22 15:40:00,0.39,14125.0,United Kingdom,9.36
541576,85040A,S/4 PINK FLOWER CANDLES IN BOWL,2,2011-01-19 13:32:00,1.65,17097.0,Spain,3.3
570887,22589,CARDHOLDER GINGHAM STAR,6,2011-10-13 10:25:00,2.89,17169.0,United Kingdom,17.34
540154,90198A,VINTAGE ROSE BEAD BRACELET RASPBERR,1,2011-01-05 11:30:00,4.24,Unknown,United Kingdom,4.24
578149,22619,SET OF 6 SOLDIER SKITTLES,2,2011-11-23 11:11:00,7.46,Unknown,United Kingdom,14.92
575117,21616,4 PEAR BOTANICAL DINNER CANDLES,1,2011-11-08 14:22:00,1.25,12748.0,United Kingdom,1.25
541809,20724,RED RETROSPOT CHARLOTTE BAG,34,2011-01-21 14:59:00,2.46,Unknown,United Kingdom,83.64
568792,22697,GREEN REGENCY TEACUP AND SAUCER,6,2011-09-29 09:53:00,2.95,18192.0,United Kingdom,17.700000000000003
542109,48187,DOORMAT NEW ENGLAND,2,2011-01-25 13:44:00,12.46,Unknown,United Kingdom,24.92
543124,22171,3 HOOK PHOTO SHELF ANTIQUE WHITE,2,2011-02-03 14:15:00,8.5,15311.0,United Kingdom,17.0
548259,21382,SET/4 SPRING FLOWER DECORATION,4,2011-03-30 11:12:00,2.95,14099.0,United Kingdom,11.8
548450,22028,PENNY FARTHING BIRTHDAY CARD,12,2011-03-31 11:20:00,0.42,15856.0,United Kingdom,5.04
552245,21793,CLASSIC FRENCH STYLE BASKET BROWN,1,2011-05-06 19:42:00,3.95,12748.0,United Kingdom,3.95
558475,22203,MILK PAN RED RETROSPOT,7,2011-06-29 15:58:00,3.29,Unknown,United Kingdom,23.03
565320,23204,CHARLOTTE BAG APPLES DESIGN,32,2011-09-02 13:10:00,0.85,16745.0,United Kingdom,27.2
560580,23298,SPOTTY BUNTING,30,2011-07-19 15:23:00,4.15,14088.0,United Kingdom,124.50000000000001
564483,22333,RETROSPOT PARTY BAG + STICKER SET,8,2011-08-25 13:46:00,1.65,14050.0,United Kingdom,13.2
C556677,23169,CLASSIC GLASS COOKIE JAR,2,2011-06-13 17:19:00,4.15,15643.0,United Kingdom,8.3
565470,22077,6 RIBBONS RUSTIC CHARM,12,2011-09-05 10:06:00,1.65,12576.0,Poland,19.799999999999997
539749,22734,No description,30,2010-12-21 15:33:00,0.0,Unknown,United Kingdom,0.0
569638,22469,HEART OF WICKER SMALL,12,2011-10-05 12:15:00,1.65,16140.0,United Kingdom,19.799999999999997
553199,21577,SAVE THE PLANET COTTON TOTE BAG,2,2011-05-15 15:13:00,2.25,17758.0,United Kingdom,4.5
574313,84029E,RED WOOLLY HOTTIE WHITE HEART.,4,2011-11-03 17:45:00,4.25,13267.0,United Kingdom,17.0
550470,21123,SET/10 IVORY POLKADOT PARTY CANDLES,1,2011-04-18 13:49:00,2.46,Unknown,United Kingdom,2.46
558570,23127,FELTCRAFT GIRL NICOLE KIT,2,2011-06-30 14:38:00,4.95,17673.0,United Kingdom,9.9
579427,22467,GUMBALL COAT RACK,4,2011-11-29 13:04:00,2.55,16479.0,United Kingdom,10.2
536819,22988,SOLDIERS EGG CUP ,12,2010-12-02 17:12:00,1.25,13402.0,United Kingdom,15.0
537789,21523,DOORMAT FANCY FONT HOME SWEET HOME,20,2010-12-08 12:49:00,6.75,14051.0,United Kingdom,135.0
C547675,22263,FELT EGG COSY LADYBIRD ,49,2011-03-24 14:07:00,0.66,17754.0,United Kingdom,32.34
566923,22470,HEART OF WICKER LARGE,2,2011-09-15 15:05:00,2.95,15511.0,United Kingdom,5.9
539463,22300,COFFEE MUG DOG + BALL DESIGN,12,2010-12-19 11:19:00,2.55,18077.0,United Kingdom,30.599999999999998
542541,22310,IVORY KNITTED MUG COSY ,4,2011-01-28 14:25:00,3.29,Unknown,United Kingdom,13.16
545182,17001,HEAVENS SCENT FRAGRANCE OILS ASSTD,72,2011-02-28 14:48:00,0.29,14046.0,United Kingdom,20.88
571227,22317,FIVE CATS HANGING DECORATION,6,2011-10-14 13:54:00,2.95,12477.0,Germany,17.700000000000003
568782,23355,HOT WATER BOTTLE KEEP CALM,4,2011-09-29 08:53:00,4.95,13985.0,United Kingdom,19.8
551547,21212,PACK OF 72 RETROSPOT CAKE CASES,17,2011-05-03 09:44:00,2.08,Unknown,United Kingdom,35.36
565901,85099B,JUMBO BAG RED RETROSPOT,100,2011-09-07 15:34:00,1.79,13798.0,United Kingdom,179.0
581058,20839,FRENCH PAISLEY CUSHION COVER ,12,2011-12-07 11:06:00,0.85,15969.0,United Kingdom,10.2
581034,23344,JUMBO BAG 50'S CHRISTMAS ,10,2011-12-07 10:48:00,2.08,17049.0,United Kingdom,20.8
553053,21624,VINTAGE UNION JACK DOORSTOP,6,2011-05-13 10:20:00,5.95,12857.0,United Kingdom,35.7
562922,20728,LUNCH BAG CARS BLUE,20,2011-08-10 14:26:00,1.65,12594.0,Italy,33.0
580729,23469,CARD HOLDER LOVE BIRD SMALL,1,2011-12-05 17:24:00,8.29,Unknown,United Kingdom,8.29
542412,85206A,CREAM FELT EASTER EGG BASKET,1,2011-01-27 16:49:00,1.65,16725.0,United Kingdom,1.65
557938,20719,WOODLAND CHARLOTTE BAG,3,2011-06-23 15:35:00,1.63,Unknown,United Kingdom,4.89
576614,22945,CHRISTMAS METAL TAGS ASSORTED ,6,2011-11-15 16:38:00,0.85,12933.0,United Kingdom,5.1
567671,22386,JUMBO BAG PINK POLKADOT,1,2011-09-21 15:34:00,4.13,Unknown,United Kingdom,4.13
571559,23202,JUMBO BAG VINTAGE LEAF,10,2011-10-18 09:32:00,2.08,14911.0,EIRE,20.8
573151,23351,ROLL WRAP 50'S CHRISTMAS,12,2011-10-27 20:09:00,1.25,17602.0,United Kingdom,15.0
576688,22112,CHOCOLATE HOT WATER BOTTLE,3,2011-11-16 12:16:00,4.95,16717.0,United Kingdom,14.850000000000001
568719,22074,6 RIBBONS SHIMMERING PINKS ,1,2011-09-28 16:19:00,1.25,Unknown,United Kingdom,1.25
569319,23439,HAND WARMER RED LOVE HEART,12,2011-10-03 12:17:00,2.1,14290.0,United Kingdom,25.200000000000003
561650,22959,WRAP CHRISTMAS VILLAGE,25,2011-07-28 15:31:00,0.42,15329.0,United Kingdom,10.5
548703,22383,LUNCH BAG SUKI DESIGN ,2,2011-04-03 11:37:00,1.65,16010.0,United Kingdom,3.3
559836,85199L,LARGE HANGING IVORY & RED WOOD BIRD,12,2011-07-13 10:09:00,0.65,13911.0,United Kingdom,7.800000000000001
575059,20713,JUMBO BAG OWLS,1,2011-11-08 12:25:00,2.08,14071.0,United Kingdom,2.08
559055,20856,DENIM PATCH PURSE PINK BUTTERFLY,4,2011-07-05 17:09:00,1.63,Unknown,United Kingdom,6.52
549813,21710,FOLDING UMBRELLA PINKWHITE POLKADOT,1,2011-04-12 12:16:00,4.95,17972.0,United Kingdom,4.95
554083,21519,GIN & TONIC DIET GREETING CARD ,12,2011-05-22 11:51:00,0.42,18125.0,United Kingdom,5.04
550470,22861,EASTER TIN CHICKS IN GARDEN,1,2011-04-18 13:49:00,3.29,Unknown,United Kingdom,3.29
556813,23171,REGENCY TEA PLATE GREEN ,2,2011-06-14 17:28:00,3.29,Unknown,United Kingdom,6.58
538313,22727,ALARM CLOCK BAKELIKE RED ,2,2010-12-10 13:50:00,3.75,15514.0,United Kingdom,7.5
572567,21284,RETROSPOT CANDLE  SMALL,12,2011-10-25 10:27:00,1.69,12398.0,Switzerland,20.28
545333,21756,BATH BUILDING BLOCK WORD,1,2011-03-01 16:22:00,11.63,Unknown,United Kingdom,11.63
C580954,84997A,CHILDRENS CUTLERY POLKADOT GREEN ,9,2011-12-06 14:19:00,3.75,12967.0,United Kingdom,33.75
554054,15058A,BLUE POLKADOT GARDEN PARASOL,6,2011-05-20 15:29:00,10.79,Unknown,United Kingdom,64.74
546732,84692,BOX OF 24 COCKTAIL PARASOLS,2,2011-03-16 11:41:00,0.42,14606.0,United Kingdom,0.84
540770,21524,DOORMAT SPOTTY HOME SWEET HOME,2,2011-01-11 10:40:00,7.95,13468.0,United Kingdom,15.9
552277,21865,PINK UNION JACK  PASSPORT COVER ,6,2011-05-08 12:34:00,2.1,13642.0,United Kingdom,12.600000000000001
575751,23344,JUMBO BAG 50'S CHRISTMAS ,10,2011-11-11 10:32:00,2.08,14911.0,EIRE,20.8
547248,85194L,HANGING SPRING FLOWER EGG LARGE,2,2011-03-22 09:23:00,1.63,Unknown,United Kingdom,3.26
571676,35648,VINTAGE BEAD PINK PURSE ,2,2011-10-18 13:29:00,0.83,16910.0,United Kingdom,1.66
552655,85123A,WHITE HANGING HEART T-LIGHT HOLDER,2,2011-05-10 14:22:00,2.95,14587.0,United Kingdom,5.9
562264,84380,SET OF 3 BUTTERFLY COOKIE CUTTERS,2,2011-08-03 16:14:00,2.46,Unknown,United Kingdom,4.92
570416,22798,ANTIQUE GLASS DRESSING TABLE POT,8,2011-10-10 13:30:00,2.95,15608.0,United Kingdom,23.6
567707,22037,ROBOT BIRTHDAY CARD,36,2011-09-22 09:52:00,0.42,14676.0,United Kingdom,15.12
580512,85099B,JUMBO BAG RED RETROSPOT,10,2011-12-04 13:55:00,2.08,12673.0,Germany,20.8
575698,21210,SET OF 72 RETROSPOT PAPER  DOILIES,12,2011-11-10 16:51:00,1.45,16094.0,United Kingdom,17.4
C540393,85042,ANTIQUE LILY FAIRY LIGHTS,1,2011-01-06 18:08:00,4.95,17428.0,United Kingdom,4.95
562717,22197,POPCORN HOLDER,8,2011-08-08 15:42:00,1.63,Unknown,United Kingdom,13.04
570229,23503,PLAYING CARDS KEEP CALM & CARRY ON,1,2011-10-09 13:30:00,1.25,15756.0,United Kingdom,1.25
577768,22543,MINI JIGSAW BAKE A CAKE ,1,2011-11-21 15:18:00,0.83,Unknown,United Kingdom,0.83
556890,23209,LUNCH BAG DOILEY PATTERN ,10,2011-06-15 12:48:00,1.65,17581.0,United Kingdom,16.5
542542,22728,ALARM CLOCK BAKELIKE PINK,4,2011-01-28 14:37:00,3.75,12431.0,Australia,15.0
552813,23047,PAPER LANTERN 5 POINT STUDDED STAR,2,2011-05-11 12:44:00,5.75,15079.0,United Kingdom,11.5
577690,84991,60 TEATIME FAIRY CAKE CASES,1,2011-11-21 11:34:00,0.55,12856.0,United Kingdom,0.55
558904,84507B,STRIPES DESIGN MONKEY DOLL,1,2011-07-04 16:18:00,4.96,Unknown,United Kingdom,4.96
575739,84031B,CHARLIE LOLA BLUE HOT WATER BOTTLE ,1,2011-11-11 09:05:00,4.13,Unknown,United Kingdom,4.13
557742,21084,SET/6 COLLAGE PAPER CUPS,24,2011-06-22 11:46:00,0.19,14911.0,EIRE,4.5600000000000005
571850,23247,BISCUIT TIN 50'S CHRISTMAS,4,2011-10-19 12:54:00,2.89,14698.0,United Kingdom,11.56
573876,21704,BAG 250g SWIRLY MARBLES,2,2011-11-01 12:48:00,0.85,16360.0,United Kingdom,1.7
580730,22135,MINI LADLE LOVE HEART PINK,1,2011-12-05 17:28:00,0.83,Unknown,United Kingdom,0.83
550348,22584,PACK OF 6 PANNETONE GIFT BOXES,6,2011-04-18 09:38:00,2.55,16947.0,United Kingdom,15.299999999999999
538877,22077,6 RIBBONS RUSTIC CHARM,16,2010-12-14 15:29:00,4.21,Unknown,United Kingdom,67.36
542006,72741,GRAND CHOCOLATECANDLE,9,2011-01-25 11:20:00,1.45,15218.0,United Kingdom,13.049999999999999
565235,23297,SET 40 HEART SHAPE PETIT FOUR CASES,16,2011-09-02 09:43:00,1.65,13418.0,United Kingdom,26.4
566912,20829,GLITTER HANGING BUTTERFLY STRING,8,2011-09-15 14:05:00,2.1,14367.0,United Kingdom,16.8
573183,22998,TRAVEL CARD WALLET KEEP CALM,10,2011-10-28 11:33:00,0.42,15028.0,United Kingdom,4.2
576841,23252,VINTAGE RED ENAMEL TRIM JUG ,1,2011-11-16 15:26:00,3.75,17368.0,United Kingdom,3.75
557891,23129,HEART SHAPED HOLLY WREATH,4,2011-06-23 14:05:00,4.15,17652.0,United Kingdom,16.6
565927,22464,HANGING METAL HEART LANTERN,12,2011-09-08 10:08:00,1.65,Unknown,EIRE,19.799999999999997
558045,22993,SET OF 4 PANTRY JELLY MOULDS,12,2011-06-24 13:35:00,1.25,12615.0,France,15.0
576910,22212,FOUR HOOK  WHITE LOVEBIRDS,12,2011-11-17 09:51:00,2.1,12477.0,Germany,25.200000000000003
563920,21671,RED SPOT CERAMIC DRAWER KNOB,12,2011-08-21 14:00:00,1.25,16407.0,United Kingdom,15.0
575176,22962,JAM JAR WITH PINK LID,1,2011-11-08 18:29:00,1.63,Unknown,United Kingdom,1.63
564825,23188,VINTAGE  2 METER FOLDING RULER,3,2011-08-30 12:26:00,3.29,Unknown,United Kingdom,9.870000000000001
565856,21922,UNION STRIPE WITH FRINGE  HAMMOCK,1,2011-09-07 14:09:00,7.95,17345.0,United Kingdom,7.95
571508,22339,CHRISTMAS TREE PAINTED ZINC ,3,2011-10-17 15:27:00,0.63,Unknown,United Kingdom,1.8900000000000001
549251,85194L,HANGING SPRING FLOWER EGG LARGE,4,2011-04-07 12:16:00,0.85,14449.0,United Kingdom,3.4
564300,23346,SPACEBOY BEAKER,4,2011-08-24 11:31:00,1.25,16723.0,United Kingdom,5.0
565434,17021,NAMASTE SWAGAT INCENSE,36,2011-09-04 13:35:00,0.3,12867.0,United Kingdom,10.799999999999999
574547,23219,LAUREL STAR ANTIQUE SILVER ,1,2011-11-04 15:08:00,1.25,17841.0,United Kingdom,1.25
538356,21730,GLASS STAR FROSTED T-LIGHT HOLDER,18,2010-12-10 15:56:00,4.25,14062.0,United Kingdom,76.5
548698,21977,PACK OF 60 PINK PAISLEY CAKE CASES,3,2011-04-03 10:55:00,0.55,18109.0,United Kingdom,1.6500000000000001
568614,22952,60 CAKE CASES VINTAGE CHRISTMAS,24,2011-09-28 11:26:00,0.55,13515.0,United Kingdom,13.200000000000001
578118,22086,PAPER CHAIN KIT 50'S CHRISTMAS ,12,2011-11-23 10:08:00,2.95,12955.0,United Kingdom,35.400000000000006
578941,23263,SET OF 3 WOODEN HEART DECORATIONS,1,2011-11-27 13:26:00,1.25,16024.0,United Kingdom,1.25
565927,84843,WHITE SOAP RACK WITH 2 BOTTLES,4,2011-09-08 10:08:00,5.95,Unknown,EIRE,23.8
541995,20675,BLUE POLKADOT BOWL,8,2011-01-25 09:58:00,1.25,13158.0,United Kingdom,10.0
565234,84596B,SMALL DOLLY MIX DESIGN ORANGE BOWL,2,2011-09-02 09:38:00,0.83,Unknown,United Kingdom,1.66
556425,23298,SPOTTY BUNTING,1,2011-06-10 12:51:00,4.95,14178.0,United Kingdom,4.95
571270,21619,4 VANILLA BOTANICAL CANDLES,3,2011-10-16 12:09:00,1.25,12940.0,United Kingdom,3.75
538524,22567,20 DOLLY PEGS RETROSPOT,2,2010-12-13 09:35:00,2.51,Unknown,United Kingdom,5.02
575491,22438,BALLOON ART MAKE YOUR OWN FLOWERS,3,2011-11-09 17:47:00,1.95,15531.0,United Kingdom,5.85
544776,21082,SET/20 FRUIT SALAD PAPER NAPKINS ,1,2011-02-23 11:39:00,1.63,Unknown,United Kingdom,1.63
551997,21215,IVORY PAPER CUP CAKE CASES ,1,2011-05-05 15:47:00,1.25,Unknown,United Kingdom,1.25
547249,20719,WOODLAND CHARLOTTE BAG,1,2011-03-22 09:27:00,1.63,Unknown,United Kingdom,1.63
562928,22710,WRAP I LOVE LONDON ,25,2011-08-10 15:29:00,0.42,15494.0,United Kingdom,10.5
555644,84974,S/2 ZINC HEART DESIGN PLANTERS,4,2011-06-06 13:24:00,9.95,16520.0,United Kingdom,39.8
571705,23008,DOLLY GIRL BABY GIFT SET,2,2011-10-18 15:22:00,16.95,12360.0,Austria,33.9
551718,84877A,PINK ROUND COMPACT MIRROR,1,2011-05-03 16:06:00,3.29,Unknown,United Kingdom,3.29
581217,23552,BICYCLE PUNCTURE REPAIR KIT ,6,2011-12-08 09:20:00,4.13,Unknown,United Kingdom,24.78
547555,22466,FAIRY TALE COTTAGE NIGHTLIGHT,12,2011-03-23 16:35:00,1.95,14075.0,United Kingdom,23.4
575742,23292,SPACEBOY CHILDRENS CUP,8,2011-11-11 09:46:00,1.25,14309.0,United Kingdom,10.0
551056,21523,DOORMAT FANCY FONT HOME SWEET HOME,1,2011-04-26 11:51:00,7.95,16442.0,United Kingdom,7.95
560537,22469,HEART OF WICKER SMALL,6,2011-07-19 12:19:00,1.65,17779.0,United Kingdom,9.899999999999999
543816,22953,BIRTHDAY PARTY CORDON BARRIER TAPE,3,2011-02-13 15:26:00,1.25,17841.0,United Kingdom,3.75
538146,21239,PINK  POLKADOT CUP,8,2010-12-09 16:10:00,0.85,15596.0,United Kingdom,6.8
540551,22166,WALL MIRROR RECTANGLE DIAMANTE PINK,1,2011-01-10 09:43:00,7.62,Unknown,United Kingdom,7.62
578844,22616,PACK OF 12 LONDON TISSUES ,4,2011-11-25 16:14:00,0.83,Unknown,United Kingdom,3.32
561887,21845,DAIRY MAID STRIPE MUG,72,2011-07-31 13:33:00,0.79,14414.0,United Kingdom,56.88
C552995,M,Manual,1350,2011-05-12 15:19:00,0.16,18133.0,United Kingdom,216.0
537685,22585,PACK OF 6 BIRDY GIFT TAGS,6,2010-12-08 10:21:00,1.25,18077.0,United Kingdom,7.5
578264,22686,FRENCH BLUE METAL DOOR SIGN No,2,2011-11-23 13:27:00,1.25,12748.0,United Kingdom,2.5
561209,84536B,FAIRY CAKES NOTEBOOK A7 SIZE,1,2011-07-25 16:57:00,0.42,Unknown,United Kingdom,0.42
540984,72807A,SET/3 ROSE CANDLE IN JEWELLED BOX,2,2011-01-12 15:44:00,4.25,14167.0,United Kingdom,8.5
564646,22327,ROUND SNACK BOXES SET OF 4 SKULLS,1,2011-08-26 13:39:00,6.63,Unknown,United Kingdom,6.63
536566,22805,BLUE DRAWER KNOB ACRYLIC EDWARDIAN,9,2010-12-01 15:21:00,1.25,16928.0,United Kingdom,11.25
553189,21908,CHOCOLATE THIS WAY METAL SIGN,1,2011-05-15 13:14:00,2.1,15033.0,United Kingdom,2.1
571105,21744,SNOWFLAKE PORTABLE TABLE LIGHT ,2,2011-10-13 16:01:00,2.95,17614.0,United Kingdom,5.9
571702,85150,LADIES & GENTLEMEN METAL SIGN,6,2011-10-18 15:06:00,2.55,14639.0,United Kingdom,15.299999999999999
541138,84997C,BLUE 3 PIECE POLKADOT CUTLERY SET,6,2011-01-14 10:42:00,3.75,12553.0,France,22.5
553199,85175,CACTI T-LIGHT CANDLES,16,2011-05-15 15:13:00,0.42,17758.0,United Kingdom,6.72
559034,23256,CHILDRENS CUTLERY SPACEBOY ,4,2011-07-05 14:56:00,4.15,13109.0,United Kingdom,16.6
553369,23092,LARGE ANTIQUE WHITE PHOTO FRAME,4,2011-05-16 14:30:00,7.9,15044.0,United Kingdom,31.6
571932,21731,RED TOADSTOOL LED NIGHT LIGHT,1,2011-10-19 17:21:00,1.65,Unknown,United Kingdom,1.65
576617,20676,RED RETROSPOT BOWL,2,2011-11-15 16:57:00,2.46,Unknown,United Kingdom,4.92
558731,22079,RIBBON REEL HEARTS DESIGN ,10,2011-07-01 14:53:00,1.65,13285.0,United Kingdom,16.5
538630,22077,6 RIBBONS RUSTIC CHARM,12,2010-12-13 13:25:00,1.65,14565.0,United Kingdom,19.799999999999997
543255,21165,BEWARE OF THE CAT METAL SIGN ,12,2011-02-04 15:43:00,1.69,13050.0,United Kingdom,20.28
575983,21035,SET/2 RED RETROSPOT TEA TOWELS ,1,2011-11-13 13:45:00,3.25,13379.0,United Kingdom,3.25
556491,22384,LUNCH BAG PINK POLKADOT,4,2011-06-12 14:15:00,1.65,16794.0,United Kingdom,6.6
566203,23035,DRAWER KNOB CERAMIC IVORY,1,2011-09-09 14:47:00,1.45,16362.0,United Kingdom,1.45
548191,21561,DINOSAUR LUNCH BOX WITH CUTLERY,1,2011-03-29 15:20:00,4.96,Unknown,United Kingdom,4.96
541523,21528,DAIRY MAID TRADITIONAL TEAPOT ,3,2011-01-19 10:09:00,6.95,17708.0,United Kingdom,20.85
538071,22312,OFFICE MUG WARMER POLKADOT,1,2010-12-09 14:09:00,5.91,Unknown,United Kingdom,5.91
559338,22494,EMERGENCY FIRST AID TIN ,2,2011-07-07 16:30:00,2.46,Unknown,United Kingdom,4.92
580611,23103,JINGLE BELL HEART DECORATION,1,2011-12-05 11:49:00,1.65,12748.0,United Kingdom,1.65
548710,22570,FELTCRAFT CUSHION RABBIT,4,2011-04-03 13:24:00,3.75,16678.0,United Kingdom,15.0
563248,84978,HANGING HEART JAR T-LIGHT HOLDER,6,2011-08-15 11:30:00,1.25,14702.0,United Kingdom,7.5
550655,84870C,GREEN GEISHA GIRL ,2,2011-04-19 17:19:00,3.75,17217.0,United Kingdom,7.5
545333,21871,SAVE THE PLANET MUG,1,2011-03-01 16:22:00,3.29,Unknown,United Kingdom,3.29
C550177,20726,LUNCH BAG WOODLAND,2,2011-04-14 17:17:00,1.65,13534.0,United Kingdom,3.3
537400,85123A,WHITE HANGING HEART T-LIGHT HOLDER,6,2010-12-06 14:36:00,2.95,17191.0,United Kingdom,17.700000000000003
561794,21929,JUMBO BAG PINK VINTAGE PAISLEY,10,2011-07-29 13:11:00,2.08,12921.0,United Kingdom,20.8
C576324,22141,CHRISTMAS CRAFT TREE TOP ANGEL,1,2011-11-14 15:10:00,2.1,16161.0,United Kingdom,2.1
561926,23227,FILIGREE HEART BUTTERFLY WHITE ,24,2011-08-01 12:48:00,1.25,12749.0,United Kingdom,30.0
571668,23359,SET OF 12 T-LIGHTS VINTAGE DOILY,12,2011-10-18 13:10:00,1.95,16515.0,United Kingdom,23.4
575724,22112,CHOCOLATE HOT WATER BOTTLE,48,2011-11-10 18:37:00,4.25,14608.0,United Kingdom,204.0
549155,21213,PACK OF 72 SKULL CAKE CASES,2,2011-04-06 17:08:00,1.25,Unknown,United Kingdom,2.5
570180,22749,FELTCRAFT PRINCESS CHARLOTTE DOLL,4,2011-10-07 14:28:00,3.75,17509.0,United Kingdom,15.0
541104,21929,JUMBO BAG PINK VINTAGE PAISLEY,1,2011-01-13 14:29:00,4.13,Unknown,United Kingdom,4.13
541516,21259,VICTORIAN SEWING BOX SMALL ,1,2011-01-18 17:34:00,12.46,Unknown,United Kingdom,12.46
571669,22112,CHOCOLATE HOT WATER BOTTLE,2,2011-10-18 13:11:00,4.95,17758.0,United Kingdom,9.9
540821,22090,PAPER BUNTING RETROSPOT,1,2011-01-11 13:16:00,5.91,Unknown,United Kingdom,5.91
555722,20846,ZINC HEART LATTICE T-LIGHT HOLDER,1,2011-06-06 16:06:00,2.46,Unknown,United Kingdom,2.46
540163,22132,RED LOVE HEART SHAPE CUP,24,2011-01-05 11:52:00,0.85,13089.0,United Kingdom,20.4
569137,23229,VINTAGE DONKEY TAIL GAME ,1,2011-09-30 14:45:00,7.46,Unknown,United Kingdom,7.46
549743,22721,SET OF 3 CAKE TINS SKETCHBOOK,3,2011-04-12 10:05:00,4.95,16186.0,United Kingdom,14.850000000000001
547880,21975,PACK OF 60 DINOSAUR CAKE CASES,2,2011-03-27 16:05:00,0.55,15426.0,United Kingdom,1.1
581356,22692,DOORMAT WELCOME TO OUR HOME,2,2011-12-08 12:28:00,8.25,17830.0,United Kingdom,16.5
547860,22560,TRADITIONAL MODELLING CLAY,3,2011-03-27 12:21:00,1.25,17625.0,United Kingdom,3.75
540255,85034B,3 WHITE CHOC MORRIS BOXED CANDLES,1,2011-01-05 16:50:00,3.36,Unknown,United Kingdom,3.36
544462,22442,GROW YOUR OWN FLOWERS SET OF 3,2,2011-02-20 14:21:00,7.95,17050.0,United Kingdom,15.9
570218,22767,TRIPLE PHOTO FRAME CORNICE ,2,2011-10-09 12:20:00,9.95,16873.0,United Kingdom,19.9
550327,23254,CHILDRENS CUTLERY DOLLY GIRL ,4,2011-04-17 13:07:00,4.15,12878.0,United Kingdom,16.6
541370,22111,SCOTTIE DOG HOT WATER BOTTLE,3,2011-01-17 14:51:00,4.95,18179.0,United Kingdom,14.850000000000001
579512,22144,CHRISTMAS CRAFT LITTLE FRIENDS,3,2011-11-29 16:47:00,4.13,Unknown,United Kingdom,12.39
556195,23199,JUMBO BAG APPLES,10,2011-06-09 12:21:00,2.08,16745.0,United Kingdom,20.8
539735,21918,SET 12 KIDS COLOUR  CHALK STICKS,1,2010-12-21 15:17:00,0.81,Unknown,United Kingdom,0.81
559660,23168,CLASSIC CAFE SUGAR DISPENSER,64,2011-07-11 13:19:00,1.04,16701.0,United Kingdom,66.56
540098,21977,PACK OF 60 PINK PAISLEY CAKE CASES,1,2011-01-04 15:50:00,0.55,16241.0,United Kingdom,0.55
572964,22175,PINK OWL SOFT TOY,6,2011-10-27 10:41:00,2.95,12630.0,Finland,17.700000000000003
541434,C2,CARRIAGE,1,2011-01-18 10:22:00,50.0,14911.0,EIRE,50.0
568101,22950,36 DOILIES VINTAGE CHRISTMAS,24,2011-09-23 15:21:00,1.45,15978.0,United Kingdom,34.8
567671,21801,CHRISTMAS TREE DECORATION WITH BELL,4,2011-09-21 15:34:00,0.42,Unknown,United Kingdom,1.68
